Variable,Code,Level,Mean |SHAP|,Direction,rho,Models agreeing,Monotone,Evidence
Real GDP growth,NGDP_RPCH,Macro,0.792,Higher → lower risk,-0.85,6/6,6/6,Consistent
REER growth,reer_g,Macro,0.556,Higher → higher risk,0.87,6/6,4/6,"Sign consistent, shape reverses"
Unemployment rate,LUR,Macro,0.492,Higher → lower risk,-0.53,6/6,2/6,"Sign consistent, shape reverses"
Credit growth,credit_g,Macro,0.293,Higher → lower risk,-0.7,5/6,3/5,"Sign consistent, shape reverses"
Credit-to-GDP gap,credit_gap,Macro,0.272,Higher → lower risk,-0.64,6/6,2/6,"Sign consistent, shape reverses"
Nominal GDP (log),NGDPD,Macro,0.19,Higher → higher risk,0.84,5/6,3/5,"Sign consistent, shape reverses"
FX reserves (log),RXF11FX_REVS,Macro,0.186,Higher → lower risk,-0.49,6/6,2/6,"Sign consistent, shape reverses"
Private credit (% GDP),FS.AST.PRVT.GD.ZS,Macro,0.179,Higher → higher risk,0.75,6/6,5/6,Consistent
Inflation (CPI),PCPIPCH,Macro,0.157,Higher → higher risk,0.47,5/6,0/6,"Sign consistent, shape reverses"
Net foreign assets growth,nfa_g,Macro,0.147,Higher → lower risk,-0.32,5/6,2/6,"Sign consistent, shape reverses"
FX reserves growth,fx_g,Macro,0.108,—,-0.07,3/6,2/6,No clear direction
Current account (% GDP),BCA_NGDPD,Macro,0.103,Higher → lower risk,-0.42,6/6,2/6,"Sign consistent, shape reverses"
Real effective exchange rate,BIS_REER,Macro,0.09,Higher → higher risk,0.64,6/6,4/6,"Sign consistent, shape reverses"
Log total assets,l_assets,Micro,0.057,Higher → higher risk,0.51,6/6,6/6,Consistent
Return on equity,p_roe,Micro,0.044,Higher → lower risk,-0.47,6/6,4/6,"Sign consistent, shape reverses"
Deposits-to-liabilities,r_dep_liab,Micro,0.035,—,-0.24,5/6,4/6,No clear direction
Net interest margin,p_nim,Micro,0.032,—,-0.29,5/6,5/6,No clear direction
Gross loans,x_loans_gross,Micro,0.027,—,-0.06,3/6,2/5,No clear direction
Loans-to-deposits,r_loans_dep,Micro,0.026,Higher → lower risk,-0.32,5/6,3/5,"Sign consistent, shape reverses"
Cost-to-income ratio,r_cti,Micro,0.017,—,0.04,4/6,2/6,No clear direction
Leverage,c_leverage,Micro,0.015,—,-0.36,4/6,5/6,No clear direction
Equity ratio,c_eqratio,Micro,0.014,—,0.06,4/6,2/6,No clear direction
Impairment charges,cr_impchg,Micro,0.014,—,0.17,3/6,4/5,No clear direction
Return on assets,p_roa,Micro,0.014,Higher → lower risk,-0.33,5/6,5/6,Consistent
Log off-balance-sheet items,l_obsi,Micro,0.014,Higher → higher risk,0.41,5/6,4/5,Consistent
Interbank liabilities,x_ib_liab,Micro,0.012,—,-0.12,4/6,3/5,No clear direction
Operating income,inc_op,Micro,0.011,—,-0.02,3/6,1/5,No clear direction
Net interest income,inc_nii,Micro,0.01,—,-0.05,3/6,3/4,No clear direction
Loans-to-assets,r_loans_assets,Micro,0.009,—,0.05,3/6,2/5,No clear direction
Customer deposits,x_dep,Micro,0.006,—,0.26,4/6,2/5,No clear direction
