Indicator,Baseline,Extended
Deposits to liabilities,0.242,0.278
Net interest margin,0.214,0.212
Log total assets,0.143,0.143
Log loans,0.115,
Leverage (assets/equity),0.096,0.118
Interbank liabilities,0.082,0.083
Customer deposits,0.069,0.067
Gross loans & advances,0.069,0.069
Loans to assets,0.065,0.053
Operating income,0.05,0.049
Net interest income,0.049,0.047
Equity ratio,0.042,0.041
ROA,0.04,0.04
ROE,0.036,0.036
Cost-to-income ratio,0.024,0.025
Impairment charges,,0.049
Log off-bal. items,,0.155
Loans/deposits,,0.196
