Spec,Code,Indicator,Between-country share
baseline,r_cti,Cost-to-income ratio,0.02419215732362371
baseline,x_loans_gross,Gross loans & advances,0.06924269347978325
baseline,x_ib_liab,Interbank liabilities,0.08178295107466946
baseline,inc_nii,Net interest income,0.049486724782935095
baseline,p_nim,Net interest margin,0.21407158067852414
baseline,inc_op,Operating income,0.050237231095000064
baseline,p_roa,ROA,0.039514966278675796
baseline,p_roe,ROE,0.03620616197901456
baseline,x_dep,Customer deposits,0.0691683410451666
baseline,c_eqratio,Equity ratio,0.04214923460699707
baseline,l_assets,Log total assets,0.14261818539921942
baseline,l_loans,Log loans,0.11541029237404035
baseline,r_loans_assets,Loans to assets,0.06524370060374189
baseline,r_dep_liab,Deposits to liabilities,0.24175476929497558
baseline,c_leverage,Leverage (assets/equity),0.09576812332508798
extended,r_cti,Cost-to-income ratio,0.02471101137382549
extended,x_loans_gross,Gross loans & advances,0.06927704463718852
extended,x_ib_liab,Interbank liabilities,0.08274411486521221
extended,cr_impchg,Impairment charges,0.04925341980506313
extended,inc_nii,Net interest income,0.047139272942234925
extended,p_nim,Net interest margin,0.21221668804125418
extended,inc_op,Operating income,0.0488674220127919
extended,p_roa,ROA,0.039514966278675796
extended,p_roe,ROE,0.03620616197901456
extended,x_dep,Customer deposits,0.06747659797018679
extended,c_eqratio,Equity ratio,0.04107344845913657
extended,l_assets,Log total assets,0.14261818539921942
extended,r_loans_assets,Loans to assets,0.052799321763929534
extended,r_loans_dep,Loans/deposits,0.19573441316342474
extended,r_dep_liab,Deposits to liabilities,0.2782972320839708
extended,c_leverage,Leverage (assets/equity),0.11845476208992371
extended,l_obsi,Log off-bal. items,0.1553488518644772
