Base,Window,Label,Country-years,Median gap,Mean gap
Contemporaneous panel,Test window 2010-2012,Non-crisis,38,-2.18,-4.31
Contemporaneous panel,Test window 2010-2012,Crisis,27,-5.11,-8.61
Contemporaneous panel,Build-up 2005-2007,Non-crisis,45,2.34,2.4
Contemporaneous panel,Build-up 2005-2007,Crisis,0,,
Contemporaneous panel,Full panel,Non-crisis,212,-2.39,-3.3
Contemporaneous panel,Full panel,Crisis,56,-2.53,-4.35
Modelling matrix / lag-1,Test window 2010-2012,Non-crisis,37,-0.84,-2.22
Modelling matrix / lag-1,Test window 2010-2012,Crisis,27,-3.69,-5.81
Modelling matrix / lag-1,Build-up 2005-2007,Non-crisis,27,2.07,1.78
Modelling matrix / lag-1,Build-up 2005-2007,Crisis,0,,
Modelling matrix / lag-1,Full panel,Non-crisis,187,-2.6,-3.89
Modelling matrix / lag-1,Full panel,Crisis,55,-1.64,-2.43
Modelling matrix / lag-2,Test window 2010-2012,Non-crisis,34,0.31,0.11
Modelling matrix / lag-2,Test window 2010-2012,Crisis,26,-1.25,-2.04
Modelling matrix / lag-2,Build-up 2005-2007,Non-crisis,8,2.6,0.93
Modelling matrix / lag-2,Build-up 2005-2007,Crisis,0,,
Modelling matrix / lag-2,Full panel,Non-crisis,164,-2.71,-4.43
Modelling matrix / lag-2,Full panel,Crisis,54,0.6,-0.41
