Spec,Level,Code,Indicator,Crisis (mean),Normal (mean),Ratio (mean),Crisis (median),Normal (median),Ratio (median)
baseline,Macro,NGDP_RPCH,Real GDP growth,1.0381696498079878,0.6471522866703012,1.6042122869557203,0.8579500499469846,0.3642551437330275,2.3553546592489565
baseline,Macro,NGDPD,Nominal GDP,0.062267760581759965,0.0634469125676038,0.9814151400261213,0.0641623788941359,0.04764193043034526,1.3467627846848966
baseline,Macro,PCPIPCH,Inflation (CPI),0.9894009521093173,0.5445250322627293,1.8169981056664053,0.8224558779338133,0.33375686478251876,2.46423658872077
baseline,Macro,LUR,Unemployment rate,0.36016169045752205,0.24327101190887154,1.4804957139424295,0.24632625288665427,0.18510579039655678,1.3307322929171657
baseline,Macro,BCA_NGDPD,Current account (% GDP),0.3547312376147192,0.2733859833767956,1.2975472744914252,0.17341877179038365,0.17678864329004743,0.9809384164222867
baseline,Macro,BIS_REER,Real eff. exchange rate,0.2687434052182071,0.30288344039912757,0.8872832561069298,0.14170000751178316,0.17446547471420745,0.8121951219512197
baseline,Macro,RXF11FX_REVS,Log FX reserves,0.17416400495697795,0.13347011050574464,1.3048914419643176,0.08766745806849849,0.0527849790572007,1.6608410126202233
baseline,Macro,reer_g,REER growth,0.7426010692393009,0.967376790531732,0.7676440829546055,0.5294164647583297,0.6696282380091173,0.790612514090425
baseline,Macro,fx_g,FX reserves growth,0.1635129751867816,0.2759483965765565,0.5925491041634594,0.07956531761564034,0.055854866040170634,1.424501091067289
baseline,Micro,r_cti,Cost-to-income ratio,0.5053274241826026,0.3487515535872035,1.4489610698071,0.18783133572017324,0.12147368429127574,1.546271826824498
baseline,Micro,x_loans_gross,Gross loans & advances,0.21735395264369048,0.11975947793568553,1.8149206759269285,0.013793858207376719,0.008604579528534384,1.6030833536529847
baseline,Micro,x_ib_liab,Interbank liabilities,0.2631049408983042,0.14122693994142038,1.8629939939747877,0.01771235430804352,0.010136459267872377,1.7473906657113523
baseline,Micro,inc_nii,Net interest income,0.0881448743335523,0.03439511509040759,2.562714911750213,0.009729901932735208,0.004982480299232761,1.952822961333834
baseline,Micro,p_nim,Net interest margin,0.13986812343315397,0.14822093144798842,0.9436462317890271,0.09773826243142039,0.07242957306824455,1.349424803861946
baseline,Micro,inc_op,Operating income,0.08383756089347176,0.03761588088288443,2.2287810075350016,0.00839087088876711,0.0047496083344276685,1.7666448047822487
baseline,Micro,p_roa,ROA,0.3179664283315605,0.23022994367456462,1.381081988105828,0.08732418402900431,0.053418090596497145,1.6347305389221556
baseline,Micro,p_roe,ROE,0.4963305550954484,0.19787007439678844,2.5083659396628,0.10130681021455376,0.054919115950902056,1.8446547884187088
baseline,Micro,x_dep,Customer deposits,0.2089932466426319,0.116577347491095,1.7927431970314498,0.013348959584946765,0.007921836410260674,1.6850839746774708
baseline,Micro,c_eqratio,Equity ratio,0.1737382615566413,0.15369523570716087,1.1304075936853948,0.11073036984875861,0.06893298676096582,1.606348064283515
baseline,Micro,l_assets,Log total assets,0.05008440036457923,0.05427465292885048,0.9227954056239784,0.03282167300186711,0.030963425508689926,1.0600142737002942
baseline,Micro,l_loans,Log loans,0.3714953328014309,0.2288926478964381,1.6230112072866272,0.07506473394814805,0.05090211278001923,1.4746879814704559
baseline,Micro,r_loans_assets,Loans to assets,0.43597102038428553,0.2934356638534653,1.4857465335297448,0.1826839051191635,0.12094875649326851,1.510424004477722
baseline,Micro,r_dep_liab,Deposits to liabilities,0.4415373672962149,0.3100185841608276,1.4242287070995705,0.18999146862139216,0.13346662110324353,1.4235129881232524
baseline,Micro,c_leverage,Leverage (assets/equity),0.49619467812771684,0.3329931551457312,1.4901047377702468,0.22384870606409701,0.12192378866938486,1.8359723603332019
extended,Macro,NGDP_RPCH,Real GDP growth,1.0381696498079878,0.6471522866703012,1.6042122869557203,0.8579500499469846,0.3642551437330275,2.3553546592489565
extended,Macro,PCPIPCH,Inflation (CPI),0.9894009521093173,0.5445250322627293,1.8169981056664053,0.8224558779338133,0.33375686478251876,2.46423658872077
extended,Macro,LUR,Unemployment rate,0.36016169045752205,0.24327101190887154,1.4804957139424295,0.24632625288665427,0.18510579039655678,1.3307322929171657
extended,Macro,BCA_NGDPD,Current account (% GDP),0.3547312376147192,0.2733859833767956,1.2975472744914252,0.17341877179038365,0.17678864329004743,0.9809384164222867
extended,Macro,BIS_REER,Real eff. exchange rate,0.2687434052182071,0.30288344039912757,0.8872832561069298,0.14170000751178316,0.17446547471420745,0.8121951219512197
extended,Macro,RXF11FX_REVS,Log FX reserves,0.17416400495697795,0.13347011050574464,1.3048914419643176,0.08766745806849849,0.0527849790572007,1.6608410126202233
extended,Macro,NGDPD,Nominal GDP,0.062267760581759965,0.0634469125676038,0.9814151400261213,0.0641623788941359,0.04764193043034526,1.3467627846848966
extended,Macro,FS.AST.PRVT.GD.ZS,Private credit (%GDP),0.14643358190419783,0.11708101333871147,1.2507030621657702,0.08724041104068335,0.08063153762346179,1.0819638768155966
extended,Macro,reer_g,REER growth,0.7426010692393009,0.967376790531732,0.7676440829546055,0.5294164647583297,0.6696282380091173,0.790612514090425
extended,Macro,fx_g,FX reserves growth,0.1635129751867816,0.2759483965765565,0.5925491041634594,0.07956531761564034,0.055854866040170634,1.424501091067289
extended,Macro,nfa_g,NFA growth,0.9472363229334244,0.39867329140097313,2.3759713614241686,0.16107076391205039,0.10251732285736515,1.5711565560110468
extended,Macro,credit_g,Credit growth,0.6156324004592911,0.4582643248607827,1.3434002322705694,0.4047669595635841,0.27525928310090675,1.4704934017255338
extended,Macro,credit_gap,Credit-to-GDP gap,0.45371973108782143,0.28413343155643184,1.59685443772817,0.2902669000041193,0.20843954273905396,1.392571180063973
extended,Micro,r_cti,Cost-to-income ratio,0.3111832385365252,0.31522406645891377,0.9871810932211444,0.14610659619596628,0.10533831021975454,1.3870224032563443
extended,Micro,x_loans_gross,Gross loans & advances,0.09111067200591998,0.05645740154534372,1.6137949943152186,0.012487935351794266,0.006792879796901824,1.8383860343723304
extended,Micro,x_ib_liab,Interbank liabilities,0.15461460924875667,0.0915665802425661,1.688548473025552,0.017254697199337393,0.008616121812215084,2.002605995527523
extended,Micro,cr_impchg,Δ impairments,0.3545312522438197,0.16060296959256326,2.2075012258069497,0.02789089193411809,0.013401030203297637,2.0812498375874777
extended,Micro,inc_nii,Net interest income,0.0884203796854556,0.06254370578649567,1.413737458846693,0.01223904680932636,0.006730488725225525,1.8184484528523228
extended,Micro,p_nim,Net interest margin,0.16722709298860122,0.1848225393061812,0.9047981572830197,0.11605678133299757,0.09122433230447369,1.2722129984535506
extended,Micro,inc_op,Operating income,0.08472338031513481,0.05865157084541063,1.4445202250156655,0.011344701746349994,0.006137582291773719,1.848399126404455
extended,Micro,p_roa,ROA,0.3179664283315605,0.23022994367456462,1.381081988105828,0.08732418402900431,0.053418090596497145,1.6347305389221556
extended,Micro,p_roe,ROE,0.4963305550954484,0.19787007439678844,2.5083659396628,0.10130681021455376,0.054919115950902056,1.8446547884187088
extended,Micro,x_dep,Customer deposits,0.09884774440122368,0.05146524462677925,1.9206698640618058,0.014883152732228455,0.006624654973548305,2.2466306232785924
extended,Micro,c_eqratio,Equity ratio,0.215488622996262,0.20179052341556314,1.0678827694623165,0.11716905676919052,0.09337086650463206,1.2548781130073143
extended,Micro,l_assets,Log total assets,0.05008440036457923,0.05427465292885048,0.9227954056239784,0.03282167300186711,0.030963425508689926,1.0600142737002942
extended,Micro,r_loans_assets,Loans to assets,0.2482389511390759,0.1965010025743486,1.2632961047878195,0.13388510717016544,0.10533312475115972,1.271063660994177
extended,Micro,r_loans_dep,Loans/deposits,0.30009240370405194,0.18510335827063915,1.621215338866449,0.1392240882606408,0.0918881335046472,1.5151476360503027
extended,Micro,r_dep_liab,Deposits to liabilities,0.3214951992907239,0.21114723564793883,1.5226114531131076,0.17782081814265618,0.12249473252701812,1.4516609365503537
extended,Micro,c_leverage,Leverage (assets/equity),0.3672043065134957,0.2589279488124839,1.418171766306409,0.14688542977069582,0.11360005739473067,1.2930048904844047
extended,Micro,l_obsi,Log off-bal. items,0.20614684000723607,0.16110450608307564,1.279584569167381,0.08249807515343235,0.0718707800588832,1.147866700289635
