,indicator,level,count,mean,std,min,p25,median,p75,max,skew,missing_pct_preimp
r_cti,Cost-to-income ratio,Micro,4646.0,66.227,40.472,-533.58,53.5,62.319,71.978,944.166,8.424,5.144
x_loans_gross,Gross loans & advances,Micro,4646.0,36064.7,89092.767,0.02,1614.482,7026.024,20168.49,879001.0,4.55,5.166
x_ib_liab,Interbank liabilities,Micro,4646.0,13170.29,38371.127,0.0,303.986,1817.179,7088.228,567647.0,5.933,6.78
inc_nii,Net interest income,Micro,4415.0,902.024,2593.487,-2234.0,53.424,176.773,478.812,34296.0,6.24,4.972
p_nim,Net interest margin,Micro,4415.0,2.004,1.939,-62.425,1.164,1.68,2.599,22.725,-6.544,4.972
inc_op,Operating income,Micro,4429.0,1652.433,4673.055,-3338.0,110.694,337.739,912.768,50321.0,5.727,4.671
p_roa,ROA,Micro,4623.0,0.417,3.126,-76.48,0.22,0.52,0.959,54.395,-7.798,0.495
p_roe,ROE,Micro,4599.0,3.275,32.703,-914.786,3.106,6.073,10.45,349.958,-14.173,1.012
x_dep,Customer deposits,Micro,4646.0,27480.224,74695.559,0.0,1618.62,4417.645,15016.208,763595.0,5.037,6.285
c_eqratio,Equity ratio,Micro,4414.0,0.101,0.081,0.0,0.06,0.087,0.122,0.956,4.819,4.994
l_assets,Log total assets,Micro,4645.0,9.176,2.205,-0.127,7.907,9.218,10.418,14.605,-0.283,0.022
l_loans,Log loans,Micro,4646.0,8.649,2.223,-3.912,7.367,8.844,9.903,13.687,-0.708,5.166
r_loans_assets,Loans to assets,Micro,4646.0,0.605,0.274,0.0,0.488,0.66,0.767,8.943,6.788,5.166
r_dep_liab,Deposits to liabilities,Micro,4646.0,0.567,0.251,0.0,0.357,0.601,0.771,0.999,-0.296,6.285
c_leverage,Leverage (assets/equity),Micro,4646.0,13.971,9.284,1.046,8.331,11.583,16.527,99.232,2.773,5.273
NGDP_RPCH,Real GDP growth,Macro,332.0,1.983,3.948,-16.04,0.648,2.149,3.765,24.616,-0.277,0.0
NGDPD,Nominal GDP,Macro,332.0,5.442,1.4,2.648,4.092,5.471,6.243,8.286,0.173,0.0
PCPIPCH,Inflation (CPI),Macro,332.0,2.147,2.178,-1.676,0.693,1.862,3.07,15.253,1.783,0.0
LUR,Unemployment rate,Macro,332.0,9.367,4.5,2.65,6.325,8.324,10.718,27.475,1.594,0.0
BCA_NGDPD,Current account (% GDP),Macro,332.0,-0.671,5.787,-23.892,-3.318,-0.032,2.958,8.907,-0.988,0.0
BIS_REER,Real eff. exchange rate,Macro,332.0,101.744,7.833,75.367,97.798,101.089,105.264,127.329,0.266,0.0
RXF11FX_REVS,Log FX reserves,Macro,332.0,8.847,2.01,1.205,8.002,9.184,10.473,11.895,-1.103,0.0
reer_g,REER growth,Macro,325.0,0.001,0.034,-0.156,-0.015,0.004,0.013,0.176,0.659,7.14
fx_g,FX reserves growth,Macro,325.0,0.273,2.693,-0.997,-0.053,0.034,0.178,46.744,16.167,7.14
