Variable,Set,N,Mean,SD,Min,Median,Max,Skew
c_eqratio,Both,4389,0.102,0.081,0.0,0.087,0.956,4.824
c_leverage,Both,4405,13.951,9.25,1.046,11.549,99.232,2.643
inc_nii,Both,4389,886.859,2585.007,-2234.0,174.949,34296.0,6.331
inc_op,Both,4403,1634.761,4672.798,-3338.0,336.426,50321.0,5.765
l_assets,Both,4404,9.315,2.005,1.361,9.266,14.605,0.04
p_nim,Both,4389,2.006,1.944,-62.425,1.684,22.725,-6.534
p_roa,Both,4402,0.386,2.866,-76.48,0.523,23.572,-12.171
p_roe,Both,4384,3.687,27.948,-845.864,6.104,98.907,-14.414
r_cti,Both,4405,66.797,42.544,-533.58,62.291,944.166,8.22
r_dep_liab,Both,4405,0.564,0.255,0.0,0.596,0.999,-0.293
r_loans_assets,Both,4405,0.604,0.286,0.0,0.661,8.943,7.032
x_dep,Both,4405,27570.343,75332.403,0.0,4396.682,763595.0,5.077
x_ib_liab,Both,4405,13256.738,38113.516,0.0,1796.0,567647.0,5.761
x_loans_gross,Both,4405,36286.257,89593.563,0.02,6996.604,879001.0,4.589
l_loans,Baseline only,4405,8.63,2.265,-3.912,8.853,13.687,-0.715
cr_impchg,Extended only,4405,241.99,902.081,-1711.0,23.779,18549.0,9.245
l_obsi,Extended only,4399,7.117,2.554,-4.343,7.318,18.461,-0.469
r_loans_dep,Extended only,4405,1.406,0.935,0.0,1.172,4.979,1.418
