spec,feature,rank_min,rank_max,share_min,share_max,rho_median,seeds_up,seeds_down,indicator,direction_all_seeds
11a,l_assets,1,3,12.36154129089862,12.830144105978937,0.8547539370014936,5,0,Log total assets,higher -> higher risk
11a,p_roe,1,3,11.474553524395915,12.802936535796567,-0.547353798129963,0,5,Return on equity,higher -> lower risk
11a,p_roa,2,3,11.453693655664074,12.630100716621435,-0.7211133967157364,0,5,Return on assets,higher -> lower risk
11a,p_nim,4,4,9.68829967181267,10.963005241226499,-0.6567599190057511,0,3,Net interest margin,not stable
11a,r_dep_liab,5,5,7.0119882687390005,8.291557979530536,0.5035890246602897,0,0,Deposits-to-liabilities,not stable
11a,c_leverage,6,7,5.873589313054167,6.789068403248215,-0.47247201171308884,0,0,Leverage,not stable
11a,inc_nii,6,8,5.501502933714764,6.211783114630698,0.09882103661075375,0,0,Net interest income,not stable
11a,l_loans,7,8,5.315501594000528,5.859240382590343,-0.4941338527015886,0,0,Log gross loans,not stable
11a,c_eqratio,9,9,4.5170647367652235,5.229387847786101,-0.3656563476988686,0,0,Equity ratio,not stable
11a,x_dep,10,11,3.718684028762837,4.636903414433972,-0.020870369866438032,0,0,Customer deposits,not stable
11a,x_loans_gross,10,12,3.6960590307959493,4.1909286282729425,-0.4666200854775736,0,0,Gross loans,not stable
11a,inc_op,11,14,3.444773552034514,4.119122078636877,0.34241426572378086,0,0,Operating income,not stable
11a,r_loans_assets,11,13,3.651242226048318,4.135076239232533,-0.0868827075173293,0,0,Loans-to-assets,not stable
11a,x_ib_liab,13,14,3.4597806764853094,3.85611698871578,0.2319928628571919,0,0,Interbank liabilities,not stable
11a,r_cti,15,15,3.0029738106792627,3.5047544918416627,0.3668278507359303,0,0,Cost-to-income ratio,not stable
11c,l_assets,1,1,12.79500228683567,13.427891045342513,0.9451738510368497,5,0,Log total assets,higher -> higher risk
11c,c_leverage,2,2,10.114317526224587,10.540849017892242,0.8858781195569669,4,0,Leverage,not stable
11c,p_roe,3,3,8.854012762442967,9.30761428922542,0.6245593600477756,0,0,Return on equity,not stable
11c,l_loans,4,5,7.817352243456264,8.218900944059287,-0.7271518975091574,0,0,Log gross loans,not stable
11c,p_nim,4,5,7.991509810957846,8.466830889295306,-0.5120425041224779,0,0,Net interest margin,not stable
11c,c_eqratio,6,6,7.000157086410972,7.615659170568741,0.4475429438094521,0,0,Equity ratio,not stable
11c,r_loans_assets,7,7,6.310526696482936,6.875348964577714,0.19740670681583722,0,0,Loans-to-assets,not stable
11c,p_roa,8,11,4.968707044156141,5.799123734324205,0.5799680158786663,0,0,Return on assets,not stable
11c,x_dep,8,9,5.472152839304909,6.126030914015899,-0.6855103192196583,0,5,Customer deposits,higher -> lower risk
11c,inc_op,9,11,4.9067130513421455,5.340095943841706,0.6303801252196182,3,0,Operating income,not stable
11c,r_dep_liab,10,11,4.7345487516618086,5.046717784930152,0.20915274680510107,0,0,Deposits-to-liabilities,not stable
11c,r_cti,12,13,4.370684026288715,4.645430308135201,-0.14303915594958794,0,0,Cost-to-income ratio,not stable
11c,x_loans_gross,12,15,3.636219523996168,4.519376975411846,-0.6716341952659276,0,0,Gross loans,not stable
11c,x_ib_liab,13,14,4.076859238081189,4.436933561801747,-0.4379834426219935,0,0,Interbank liabilities,not stable
11c,inc_nii,14,15,3.2446136854322023,3.715799056424716,0.14518277557370335,0,0,Net interest income,not stable
