seed,spec,dataset,false_alarm_rate
42,11a,integrated,0.0698
42,11a,macro,0.0668
42,11a,micro,0.1171
42,11b,integrated,0.0574
42,11b,macro,0.1014
42,11b,micro,0.1425
42,11c,integrated,0.2516
42,11c,macro,0.1803
42,11c,micro,0.1183
42,11d,integrated,0.0999
42,11d,macro,0.06
42,11d,micro,0.1004
7,11a,integrated,0.0997
7,11a,macro,0.1403
7,11a,micro,0.1207
7,11b,integrated,0.054
7,11b,macro,0.0519
7,11b,micro,0.1408
7,11c,integrated,0.3585
7,11c,macro,0.2914
7,11c,micro,0.1144
7,11d,integrated,0.0425
7,11d,macro,0.0661
7,11d,micro,0.07
13,11a,integrated,0.0746
13,11a,macro,0.1219
13,11a,micro,0.1371
13,11b,integrated,0.0854
13,11b,macro,0.0683
13,11b,micro,0.1362
13,11c,integrated,0.3335
13,11c,macro,0.1287
13,11c,micro,0.1162
13,11d,integrated,0.0771
13,11d,macro,0.0854
13,11d,micro,0.0908
27,11a,integrated,0.0895
27,11a,macro,0.1289
27,11a,micro,0.1351
27,11b,integrated,0.0984
27,11b,macro,0.0845
27,11b,micro,0.1616
27,11c,integrated,0.199
27,11c,macro,0.2457
27,11c,micro,0.1042
27,11d,integrated,0.111
27,11d,macro,0.0683
27,11d,micro,0.0834
99,11a,integrated,0.0902
99,11a,macro,0.0922
99,11a,micro,0.1121
99,11b,integrated,0.109
99,11b,macro,0.0815
99,11b,micro,0.1561
99,11c,integrated,0.2683
99,11c,macro,0.287
99,11c,micro,0.0693
99,11d,integrated,0.054
99,11d,macro,0.0453
99,11d,micro,0.1093
