country_iso,year,NGDP_RPCH,PCPIPCH,LUR,BCA_NGDPD,BIS_REER,RXF11FX_REVS,NGDPD,reer_g,fx_g,crisis
AUT,1999,3.762,0.516,4.142,-2.27,98.39666666666666,9.547967655559463,5.37822314176983,,,0
AUT,2000,3.19,1.956,3.883,-0.71,95.325,9.509870725508835,5.279481072201742,-0.03121718215386693,-0.037380370400494356,0
AUT,2001,1.317,2.302,4.008,-0.8,95.645,9.34519289152809,5.280555555369278,0.003356936795174237,-0.1518330893661176,0
AUT,2002,1.484,1.681,4.392,2.118,96.08166666666666,9.05246511451315,5.359821601391479,0.004565493927195963,-0.25377474728409044,0
AUT,2003,1.142,1.302,4.792,1.557,98.84333333333332,8.873962022947392,5.563424021070267,0.028742909677531125,-0.16347852928773998,0
AUT,2004,2.565,1.964,5.867,2.092,99.82083333333333,8.819196232523865,5.700694378056967,0.0098893872458099,-0.053293150199541506,0
AUT,2005,2.32,2.102,6.025,2.274,99.04333333333334,8.748053849119849,5.74979417930477,-0.007788955211420312,-0.06867072314598865,0
AUT,2006,3.269,1.686,5.592,3.318,98.21249999999999,8.790747992230754,5.8109134221742496,-0.0083885841214284,0.04361864807808513,0
AUT,2007,3.775,2.2,5.2,3.826,98.605,9.2360604565364,5.957923275351282,0.003996436298841832,0.560977869504516,0
AUT,2008,1.453,3.23,4.433,4.52,98.58583333333333,9.017293184701959,6.061892721388226,-0.00019437824315882146,-0.19649130449994956,1
AUT,2009,-3.586,0.406,5.683,2.613,99.04416666666667,8.472478547022277,5.988602956660697,0.004649079059702688,-0.42005072587971426,1
AUT,2010,1.809,1.691,5.2,2.873,96.49416666666667,8.728196159184073,5.966521028043213,-0.025746089707453734,0.2913880041785675,1
AUT,2011,2.927,3.542,4.883,1.641,96.79666666666667,8.863780328092353,6.061174827862022,0.003134904527907434,0.14520558248163296,1
AUT,2012,0.628,2.569,5.233,1.492,95.40333333333332,8.983667462297445,6.008832841269074,-0.014394435070078315,0.12736960293211164,1
AUT,2013,-0.251,2.118,5.35,1.748,97.15166666666666,9.004816491060147,6.055816332061437,0.018325704901995143,0.021374254437342755,0
AUT,2014,0.756,1.465,6.042,2.397,98.44916666666667,9.272182529941636,6.083745142351942,0.013355406494999444,0.3065185954200498,0
AUT,2015,1.303,0.81,6.158,1.577,95.63333333333333,9.171460708658794,5.939075916216262,-0.028601901150340003,-0.09581547720470274,0
AUT,2016,2.117,0.973,6.475,2.574,96.88583333333332,9.182359791187734,5.975281810096205,0.01309689787382351,0.010958693901840455,0
AUT,2017,2.272,2.228,5.925,1.264,97.83666666666666,8.825563895605141,6.027748259185229,0.00981395628875914,-0.30008466103065357,0
BEL,1999,3.543,1.134,8.425,7.764,95.17333333333333,9.033287988673049,5.554907299297002,,,0
BEL,2000,3.717,2.682,6.858,3.965,91.23333333333333,8.985738507840535,5.467625447513429,-0.04139815074250486,-0.04643671114010994,0
BEL,2001,1.1,2.438,6.567,3.335,91.90666666666668,9.076051778461695,5.466996284300833,0.007380343441724557,0.09451711005863306,0
BEL,2002,1.707,1.552,7.525,4.501,93.05250000000001,9.094784279839383,5.553734478412542,0.012467358189467426,0.018909055391297835,0
BEL,2003,1.038,1.517,8.175,3.398,96.95166666666667,8.942624821885783,5.762063961317419,0.04190286845239677,-0.14114868085219112,0
BEL,2004,3.571,1.857,8.383,3.098,98.51083333333334,8.95091328776846,5.910924007203208,0.016081896477626367,0.00832291031408583,0
BEL,2005,2.322,2.539,8.475,1.995,98.5625,8.826899979320165,5.955648232408561,0.0005244770033752122,-0.1166319154539559,0
BEL,2006,2.553,2.331,8.267,1.85,98.08916666666666,8.938380088639619,6.011955662831799,-0.004802367364193705,0.11793150736589353,0
BEL,2007,3.677,1.819,7.492,1.496,98.67166666666667,9.137531285136356,6.154811383796001,0.0059384743473200885,0.2203664670861143,0
BEL,2008,0.447,4.49,6.967,-1.006,101.1675,8.957649259357249,6.248566915124867,0.025294326301032122,-0.16463124242346283,1
BEL,2009,-1.906,-0.004,7.992,1.651,101.15833333333335,8.961987865727334,6.1830926632222365,-9.060880882361122e-05,0.004348031748775183,1
BEL,2010,2.71,2.329,8.383,1.623,98.44,8.972028777818698,6.177838299323789,-0.02687206524425423,0.01009149119420849,1
BEL,2011,1.931,3.344,7.225,-1.926,99.44333333333333,8.986248921547524,6.267401666835647,0.0101923337396721,0.014321730929701681,1
BEL,2012,0.216,2.62,7.642,-0.081,97.5425,9.042011278470948,6.212066872240336,-0.019114738712164292,0.0573463828304126,1
BEL,2013,0.306,1.252,8.567,0.951,98.94166666666666,9.028748708745102,6.261693953939499,0.014344174761428796,-0.01317500936720839,0
BEL,2014,1.766,0.495,8.667,0.768,98.78916666666667,8.9664584341797,6.2880945917836835,-0.0015413122210055086,-0.06038989771228631,0
BEL,2015,1.474,0.623,8.667,1.387,94.49000000000001,9.042237268193897,6.133595420479555,-0.04351860443537159,0.07872397072238213,0
BEL,2016,1.193,1.772,7.842,0.554,96.95916666666666,9.026798903392324,6.161504745814568,0.02613151303488892,-0.01531980415932177,0
BEL,2017,1.475,2.225,7.108,0.701,98.065,9.162791039157021,6.21607302489326,0.011405144777440812,0.145672883718297,0
BGR,1999,-8.396,2.572,13.79,-2.918,63.65,7.924992705142543,2.61212649979872,,,0
BGR,2000,4.587,10.318,18.134,-3.114,65.57666666666667,8.015534192737805,2.583695620062788,0.03026970411102381,0.09476692594662217,0
BGR,2001,3.824,7.358,17.514,-3.625,69.7,8.085584711540447,2.6520440643124705,0.06287805621918374,0.07256236445198172,0
BGR,2002,5.872,5.813,17.416,-0.625,72.46249999999999,8.38063103048077,2.7974642449303486,0.03963414634146334,0.3431885723167518,0
BGR,2003,5.237,2.348,13.856,-3.381,75.27166666666666,8.728205178488706,3.051450762310335,0.038767178425622495,0.4156292728138218,0
BGR,2004,6.51,6.149,12.191,-4.277,78.77583333333334,9.072468361054954,3.264155071066961,0.04655359475677012,0.41094992406906106,0
BGR,2005,7.056,6.038,10.172,-9.428,79.09916666666668,8.986242903327469,3.3967876731734554,0.004104473664723773,-0.08261262417052306,0
BGR,2006,6.803,7.416,9.022,-15.28,82.50666666666667,9.295790372318127,3.5374749999547035,0.04307883563880788,0.3628082615720991,0
BGR,2007,6.654,7.572,6.935,-23.892,87.10166666666667,9.706513766187774,3.793959930564444,0.055692469295410385,0.5079082022142529,0
BGR,2008,6.13,11.951,5.664,-22.076,94.64166666666667,9.726596364563859,3.9977602377067107,0.08656550773999716,0.02028561048097499,0
BGR,2009,-3.347,2.469,6.878,-8.315,98.57666666666667,9.687615996057952,3.9517051505668506,0.04157788148278607,-0.0382304100649391,0
BGR,2010,1.555,3.039,10.211,-1.724,95.28416666666668,9.576889882511907,3.925728652484258,-0.033400399012612714,-0.10481610590108092,0
BGR,2011,2.09,3.386,11.349,0.329,96.81833333333333,9.565328427919054,4.054945166439363,0.016100961160038674,-0.011494877798568615,0
BGR,2012,0.749,2.391,12.38,-0.847,95.4425,9.763039719241563,3.994468976794844,-0.014210462894424292,0.2186105195980248,0
BGR,2013,-0.543,0.385,13.038,1.274,95.94083333333333,9.760792513084258,4.022132228108176,0.0052212937981857,-0.0022446830798606987,0
BGR,2014,0.949,-1.601,11.524,2.115,94.93666666666667,9.777961006892696,4.044471311726373,-0.010466520164337356,0.017316719453606577,0
BGR,2015,3.398,-1.067,9.233,0.017,91.745,9.897900574398848,3.9272268391704186,-0.033618903830623936,0.1274287161916452,0
BGR,2016,3.027,-1.323,7.666,3.028,91.95333333333333,10.031753749563533,3.9876683666220565,0.0022707867822042704,0.1432249535059631,0
BGR,2017,2.746,1.188,6.23,3.157,93.31416666666667,10.153528102556326,4.0824069246490575,0.01479917349380111,0.12949920490781075,0
CZE,1999,1.378,2.135,8.72,-2.232,65.11666666666666,9.457676898887865,4.183362258539753,,,1
CZE,2000,4.011,3.775,8.757,-4.37,65.85166666666667,9.473926966017485,4.129888653080307,0.011287432812900233,0.016382817563504792,1
CZE,2001,2.917,4.663,8.113,-4.803,70.4975,9.560222295507314,4.22150570783878,0.07054997342512204,0.0901282277829425,0
CZE,2002,1.513,1.903,7.27,-5.043,78.81,10.05686078737419,4.413961253204228,0.11791198269442171,0.6431883853689477,0
CZE,2003,3.301,0.119,7.77,-5.669,78.13416666666667,10.177088448929608,4.609869128644557,-0.008575476885335998,0.12775356848751018,0
CZE,2004,4.736,2.76,8.344,-3.705,79.48666666666666,10.234374578005951,4.788724316184592,0.017309968963641564,0.05895876594482341,0
CZE,2005,6.375,1.857,7.932,-2.09,83.81416666666667,10.27978814732732,4.9219060788306095,0.054443093181246294,0.04646055440929042,0
CZE,2006,6.623,2.534,7.128,-2.454,88.20416666666667,10.34347196508366,5.051367684602191,0.05237778020819861,0.06575537255857533,0
CZE,2007,5.489,2.853,5.306,-4.592,91.23166666666667,10.447123826230804,5.246207949749485,0.03432377533185327,0.1092142271204315,0
CZE,2008,2.612,6.359,4.377,-1.864,104.80833333333334,10.504289794465526,5.46730035890281,0.14881528708964353,0.05883152821291304,0
CZE,2009,-4.798,1.019,6.703,-2.261,100.4425,10.588344919845138,5.33317762518397,-0.0416554027192495,0.08768885141705351,0
CZE,2010,2.715,1.473,7.284,-3.515,100.75666666666666,10.604982602773086,5.352658760755793,0.003127826036455339,0.01677685996433631,0
CZE,2011,1.772,1.917,6.708,-2.071,102.49416666666667,10.541490227225559,5.444273131021253,0.017244516491878192,-0.06151872532073854,0
CZE,2012,-0.771,3.288,6.975,-1.537,98.48083333333334,10.655179890963074,5.348834609885853,-0.03915669997479532,0.1204043688219949,0
CZE,2013,-0.042,1.438,6.949,-0.522,96.61500000000001,10.894751394797764,5.361404835418293,-0.01894615703563296,0.270704541625038,0
CZE,2014,2.245,0.344,6.111,0.18,91.20916666666666,10.865777494754528,5.351436243545156,-0.0559523193430973,-0.02855818127479992,0
CZE,2015,4.959,0.309,5.021,0.446,88.34083333333332,11.044994659192504,5.242318280427934,-0.031447862513819036,0.19628050554504273,0
CZE,2016,2.581,0.684,3.946,1.759,90.76083333333334,11.342034238110656,5.2890798315955,0.02739390051788071,0.345868566415801,0
CZE,2017,5.174,2.451,2.89,1.541,94.6975,11.894731337991024,5.40071148680226,0.043374069211205235,0.7379340841885982,0
DEU,1999,2.127,0.647,8.558,-1.157,110.4975,10.871632948200542,7.703491538314084,,,0
DEU,2000,2.881,1.413,7.95,-1.524,102.92166666666667,10.81310198745412,7.584696855195149,-0.06856112883398569,-0.05685096065061879,0
DEU,2001,1.633,1.9,7.8,-0.173,102.9225,10.68532861887364,7.583957196090881,8.096772626364768e-06,-0.11994719583793745,0
DEU,2002,-0.229,1.326,8.6,1.954,104.03666666666668,10.657151631463487,7.650104443663941,0.010825297351567231,-0.02778371846854455,0
DEU,2003,-0.536,1.074,9.708,1.499,109.19583333333333,10.623653808104605,7.837586325642503,0.04958988818044907,-0.032942983834823414,0
DEU,2004,1.171,1.78,10.333,4.514,110.78416666666668,10.594097341639417,7.955433156224922,0.014545732056320926,-0.02912394584554956,0
DEU,2005,0.883,1.928,11.008,4.651,108.395,10.590750655816919,7.9707376266181305,-0.021565957830917637,-0.00334109191159504,0
DEU,2006,3.862,1.775,10.042,5.81,107.35416666666667,10.537916123371488,8.021738822274234,-0.009602226424958005,-0.051463048412425993,0
DEU,2007,2.887,2.271,8.542,6.672,108.73416666666667,10.615660980656115,8.156070370321459,0.012854647777993389,0.08084685328566077,0
DEU,2008,0.91,2.754,7.425,5.6,108.45916666666666,10.559894163841728,8.244956292477136,-0.0025291038542010202,-0.054240354573215965,1
DEU,2009,-5.548,0.246,7.225,5.803,108.89166666666667,10.516734556931105,8.153643815479178,0.003987675853431849,-0.04224148701014374,1
DEU,2010,4.147,1.119,6.575,5.742,103.18416666666667,10.528252701793978,8.15219427053642,-0.05241447922246878,0.011584734109358896,0
DEU,2011,3.764,2.482,5.517,6.29,102.09583333333335,10.547532694048726,8.249092806822636,-0.010547483867841434,0.019467051538642366,0
DEU,2012,0.469,2.159,5.083,7.188,98.60416666666667,10.544404526258882,8.18873773437383,-0.03419989389054412,-0.00312328017074337,0
DEU,2013,0.386,1.607,4.95,6.708,100.80250000000001,10.56424399646093,8.244896685131971,0.022294527783646823,0.020037580456266246,0
DEU,2014,2.172,0.769,4.708,7.233,101.65833333333335,10.524260488705915,8.285720801419593,0.008490199482486416,-0.03919471514220141,0
DEU,2015,1.656,0.68,4.367,8.105,96.4225,10.501953968668325,8.138539912187138,-0.051504221657513005,-0.022059569232051324,0
DEU,2016,2.289,0.367,3.908,8.907,97.80166666666666,10.51559064274789,8.170979904441165,0.014303369718340342,0.013730077607781999,0
DEU,2017,2.713,1.702,3.567,8.067,98.52083333333333,10.530392080751383,8.232643275304156,0.00735331708730258,0.014911521748967482,0
DNK,1999,2.971,2.041,5.108,2.53,100.695,9.959158749906589,5.181148517240597,,,0
DNK,2000,3.72,2.751,4.317,1.991,96.30666666666667,9.579763708737081,5.1001285885790155,-0.04358044921131454,-0.31572475762591634,0
DNK,2001,0.954,2.269,4.508,3.644,97.69166666666666,9.687629894522718,5.105224001580794,0.014381143569154098,0.11389867993641589,0
DNK,2002,0.454,2.397,4.642,2.997,99.59666666666668,10.16203685698089,5.186200746393203,0.01950012795359557,0.6070608674070856,0
DNK,2003,0.441,1.961,5.433,3.925,104.67166666666667,10.491385322376976,5.386428971398295,0.05095552059975228,0.3900621597621714,0
DNK,2004,2.778,0.937,5.517,4.035,105.37916666666666,10.550486077070094,5.529381467329982,0.00675923124691491,0.06088212420842121,0
DNK,2005,2.357,1.726,4.8,4.052,103.89083333333333,10.389303013297951,5.580295703583139,-0.014123601281088138,-0.1488637553670541,0
DNK,2006,3.82,1.844,3.9,3.18,103.25999999999999,10.280553186122594,5.646813454644815,-0.006072078864834185,-0.10304521685635193,0
DNK,2007,0.987,1.657,3.617,1.292,103.8625,10.374397021385262,5.7689863993637065,0.0058347859771450405,0.09838820301783269,0
DNK,2008,-0.417,3.638,2.65,2.865,105.23333333333333,10.592199913805961,5.872052998644141,0.013198539736029247,0.24334197133847457,1
DNK,2009,-4.978,1.042,4.833,3.586,108.12666666666667,11.174076405943204,5.776478259666684,0.02749445676274953,0.7893930643095699,1
DNK,2010,1.584,2.198,6.058,6.415,103.53333333333335,11.161010602418157,5.775625502807295,-0.042481040754670296,-0.012980816458271982,0
DNK,2011,1.313,2.656,5.95,6.346,102.74583333333334,11.265860566064319,5.841559840365514,-0.007606245975531278,0.11054397588648457,0
DNK,2012,-0.005,2.354,6.075,6.064,99.94166666666666,11.3189522909558,5.789326942927799,-0.027292266515268282,0.054526366999961606,0
DNK,2013,1.393,0.522,5.758,7.368,100.78916666666667,11.319550376969282,5.842474279420914,0.008479946635537416,0.0005982649025859654,0
DNK,2014,1.278,0.352,4.992,8.402,101.6925,11.151576758857999,5.865994857173251,0.008962603454405471,-0.15462386299036057,0
DNK,2015,2.101,0.226,4.542,7.957,97.7925,11.003806534291922,5.709628685547767,-0.038350910834132224,-0.1373706968057672,0
DNK,2016,3.076,0.017,4.125,7.088,99.13416666666666,10.992917232062506,5.743586351070063,0.013719525185128312,-0.010830228396603747,0
DNK,2017,3.056,1.058,4.2,7.323,99.54583333333333,11.157034897786303,5.8039625952079295,0.004152621447365279,0.17835295868953693,0
ESP,1999,4.745,2.235,15.64,-3.203,93.44166666666666,10.352314052165019,6.453664368196451,,,0
ESP,2000,5.053,3.484,13.857,-4.236,91.22250000000001,10.292700947383999,6.394204278080789,-0.023749219655756604,-0.05787103172582908,0
ESP,2001,3.919,2.825,10.54,-4.316,93.06,10.236578435963523,6.442226422988344,0.020143056811641857,-0.054576696356725685,0
ESP,2002,2.761,3.59,11.45,-3.661,95.355,10.391774548968982,6.563061134923037,0.024661508704061808,0.16788697647293827,0
ESP,2003,2.937,3.103,11.485,-3.821,99.99083333333333,9.77068492287079,6.810953587426959,0.04861657315645029,-0.4626414014731739,0
ESP,2004,3.11,3.054,10.965,-5.418,102.1125,9.257353625040402,6.974800655330889,0.021218611706073087,-0.4015015224900613,0
ESP,2005,3.552,3.384,9.153,-7.195,102.52416666666666,9.058832864223225,7.052120522931732,0.004031501203737742,-0.18005725211778367,0
ESP,2006,4.046,3.561,8.453,-8.796,103.81416666666667,9.21912378462129,7.140384894978811,0.012582399271716449,0.17385231890620778,0
ESP,2007,3.533,2.843,8.233,-9.351,105.28166666666668,9.286557154739263,7.297714117218833,0.01413583566790022,0.06975897930864128,0
ESP,2008,0.766,4.131,11.245,-8.791,107.01166666666667,9.353572546992513,7.399970396593091,0.01643211068720407,0.06931193716806905,1
ESP,2009,-3.768,-0.239,17.855,-3.977,106.69583333333333,9.456166008807953,7.309856736354641,-0.0029513915928170986,0.10804085658056328,1
ESP,2010,0.094,2.043,19.858,-3.558,103.53583333333334,9.495961321773265,7.26483863950746,-0.029616901628460757,0.04059775552317135,1
ESP,2011,-0.638,3.05,21.39,-2.614,104.1275,10.159747492699678,7.304722381102638,0.005714607664013105,0.9421316741170072,1
ESP,2012,-2.866,2.436,24.788,0.156,101.89416666666666,10.247575324359387,7.194315222082204,-0.021448064472241568,0.09180013242900409,1
ESP,2013,-1.428,1.53,26.095,2.081,103.43333333333334,10.245946014475793,7.216861457540161,0.015105542515518655,-0.00162798327882685,0
ESP,2014,1.521,-0.19,24.443,1.78,102.91833333333334,10.40095990995603,7.2302734662693755,-0.004979052529809902,0.16767418638597698,0
ESP,2015,4.062,-0.629,22.058,2.046,97.99333333333334,10.563876645519514,7.095302325757901,-0.04785347605706791,0.17693868847180494,0
ESP,2016,2.915,-0.337,19.635,3.147,98.52583333333332,10.756762905635552,7.125019983690908,0.005434043132185762,0.21274484821601658,0
ESP,2017,2.894,2.036,17.225,2.793,99.805,10.853248320996718,7.186362297414198,0.012983058588695195,0.10129351905843831,0
EST,1999,-0.425,3.098,12.201,-4.267,77.09583333333333,6.747727361982003,1.7528453757288294,,,0
EST,2000,10.088,3.932,14.602,-5.41,74.57000000000001,6.825047356109139,1.741693491554571,-0.03276225476949668,0.08038773881612915,0
EST,2001,5.881,5.626,13.009,-7.105,76.8475,6.709548212957959,1.8349785883480316,0.030541772830896985,-0.10907866437835367,0
EST,2002,6.933,3.588,11.227,-11.063,78.81583333333333,6.908095221195235,2.000533606574963,0.02561349859570372,0.2196293586930016,0
EST,2003,7.596,1.387,10.342,-12.867,81.49416666666667,7.224953252525223,2.2919285128055167,0.03398217363262468,0.3728076624122496,0
EST,2004,6.801,3.038,10.14,-11.92,83.3025,7.488928297417262,2.4982341099988625,0.022189727281093585,0.3020957019566268,0
EST,2005,9.523,4.117,8.031,-8.677,84.31,7.572051129153346,2.648229422783671,0.01209447495573368,0.08667527856191937,0
EST,2006,9.763,4.444,5.912,-14.925,85.62583333333333,7.930617247199904,2.836091550983094,0.015607084964219364,0.4312756621506024,0
EST,2007,7.571,6.745,4.592,-14.859,89.0125,8.090275714926916,3.112537053096075,0.039551926501931955,0.17311014759054633,0
EST,2008,-5.125,10.606,5.455,-8.656,94.295,8.285203351452713,3.195975604981868,0.05934559752843693,0.21522304554640526,0
EST,2009,-14.63,0.199,13.549,2.55,95.58416666666666,8.262221145055385,2.9803140208256105,0.01367163334924082,-0.022720127051671812,0
EST,2010,2.45,2.741,16.707,1.783,92.88083333333333,7.808062953423526,2.9739466814820688,-0.028282229448740592,-0.3650177235820855,0
EST,2011,7.607,5.08,12.325,1.31,94.04416666666667,4.601466355267668,3.1484533605716547,0.012525009644975382,-0.959505802962319,0
EST,2012,3.672,4.219,10.023,-1.879,93.1475,5.189831973542685,3.146391149839104,-0.00953452721682202,0.80104241779775,0
EST,2013,1.757,3.247,8.628,-0.14,95.745,5.241412091254058,3.2367550349554373,0.02788587992162972,0.05293354153848906,0
EST,2014,3.323,0.476,7.351,0.583,96.46750000000002,5.758105757140006,3.2981674813426114,0.0075460859574914,0.6764754880086563,0
EST,2015,1.838,0.068,6.185,1.475,94.03083333333332,5.705968352882728,3.1490540384976407,-0.025258938675374543,-0.050801566023750744,0
EST,2016,3.093,0.8,6.758,0.978,94.84083333333332,5.493692780630729,3.200874773758648,0.008614195698219529,-0.19125819994340132,0
EST,2017,5.635,3.651,5.763,1.685,96.38499999999999,5.518771197806249,3.312730400339825,0.01628166489469196,0.025395525992742307,0
FIN,1999,4.389,1.31,10.275,4.846,105.82,8.894586809618648,4.908004383009295,,,0
FIN,2000,5.754,2.952,9.875,7.161,100.94083333333333,8.901191460195259,4.836464429975677,-0.046108171108171114,0.006626509377979817,0
FIN,2001,2.64,2.665,9.2,7.676,102.03916666666667,8.881499734481753,4.863843030154892,0.01088096161943053,-0.019499110066193093,0
FIN,2002,1.687,2.007,9.175,7.821,103.3575,9.040357361284705,4.943512102239956,0.01291987553798779,0.17217104906038427,0
FIN,2003,2.012,1.29,9.075,4.315,107.8925,9.163719408389074,5.144991346595335,0.04387683525627062,0.13129392850350752,0
FIN,2004,4.005,0.147,8.875,5.604,107.77499999999999,9.34358501849297,5.2850750731270475,-0.0010890469680470138,0.19705648001553988,0
FIN,2005,2.778,0.774,8.475,2.877,104.97000000000001,9.217893544811806,5.322878263147165,-0.02602644398051479,-0.11811310986916501,0
FIN,2006,4.019,1.275,7.775,3.931,103.62583333333333,8.721697856904411,5.380155384763669,-0.01280524594328547,-0.3911575136973746,0
FIN,2007,5.313,1.583,6.95,4.029,104.90083333333332,8.808252883283975,5.546699722725872,0.012303881754067048,0.09041136745676681,0
FIN,2008,0.784,3.916,6.425,2.543,106.51583333333333,8.778369103919298,5.6548267967901324,0.015395492568378133,-0.029441674100764592,0
FIN,2009,-8.076,1.634,8.325,1.996,107.515,8.909673453450168,5.534203386671724,0.009380452045470555,0.1403147827736273,0
FIN,2010,3.168,1.686,8.5,1.362,101.4975,8.501041085650934,5.519991839294559,-0.0559689345672697,-0.33544149947687785,0
FIN,2011,2.389,3.324,7.9,-1.551,101.34666666666668,8.576890814290122,5.617058329138935,-0.0014860792958775182,0.0788004491646781,0
FIN,2012,-1.523,3.162,7.8,-2.23,98.89999999999999,8.64772473398654,5.551431285884411,-0.024141560321010558,0.0734029399777405,0
FIN,2013,-0.98,2.216,8.325,-1.883,100.61916666666667,8.807752670161108,5.5994288593114785,0.017382878328277895,0.17354365485428613,0
FIN,2014,-0.478,1.209,8.825,-1.357,102.33583333333333,8.766252458732108,5.61148076486433,0.017061030453111137,-0.040650867492776244,0
FIN,2015,0.467,-0.156,9.575,-0.908,98.52666666666666,8.736883218173526,5.452042241447528,-0.037222217698264726,-0.028942155678725046,0
FIN,2016,2.572,0.389,8.975,-1.969,99.5075,8.778844001435619,5.4752578043895115,0.009955003721496825,0.04285358063327682,0
FIN,2017,3.303,0.839,8.825,-0.656,98.9175,8.75889682583921,5.536377116182401,-0.005929201316483557,-0.019749546915321492,0
FRA,1999,3.261,0.577,10.442,3.895,108.51416666666667,10.432154440205576,7.305451621558802,,,0
FRA,2000,4.364,1.815,9.175,1.103,102.67833333333333,10.377058125168798,7.216386380184301,-0.05377946043911319,-0.053606008408417005,0
FRA,2001,1.846,1.784,8.458,1.583,102.47416666666668,10.179724642824768,7.222847730962397,-0.001988410407908092,-0.17908317360720982,0
FRA,2002,1.12,1.937,8.275,1.155,104.10083333333334,9.997206512475893,7.307452451150727,0.015873919443111673,-0.16683046186300465,0
FRA,2003,0.994,2.172,8.525,0.84,109.40166666666666,10.04852857947003,7.514601920756194,0.05092018155474243,0.05266186633739167,0
FRA,2004,2.519,2.335,8.867,0.535,111.23666666666666,10.27769409595804,7.653890941287301,0.016773053426974105,0.25755016707220113,0
FRA,2005,1.988,1.888,8.875,0.104,109.7625,10.085653972296955,7.693188981788623,-0.013252524647148656,-0.17472624517707414,0
FRA,2006,2.929,1.892,8.842,0.254,108.96416666666666,10.603784884727977,7.748453552782987,-0.007273279429070412,0.6788867289704985,0
FRA,2007,2.486,1.605,8.017,-0.102,109.37666666666667,10.682523626169615,7.884625455181651,0.0037856481870952585,0.08192162385954926,0
FRA,2008,0.265,3.161,7.433,-0.697,109.77333333333333,10.32161228833307,7.981556639727559,0.0036266114040166553,-0.3029592031276922,1
FRA,2009,-2.732,0.102,9.125,-0.55,109.58916666666666,10.23022210283658,7.899948714372902,-0.0016776995020041374,-0.08733846587754024,1
FRA,2010,1.843,1.738,9.267,-0.629,105.56,10.497118771377032,7.881707564766711,-0.03676610370550604,0.30590549823741964,0
FRA,2011,2.485,2.287,9.208,-0.858,104.76083333333334,10.17149475028102,7.962033510273097,-0.007570733863837331,-0.2779233780213868,0
FRA,2012,0.221,2.217,9.767,-2.132,101.59750000000001,10.3205570024049,7.895326503741004,-0.030195763365761685,0.16074524581683547,0
FRA,2013,0.915,0.989,10.308,-0.609,102.66166666666668,10.218799991321715,7.943114974907794,0.010474339099551422,-0.09675099549728872,0
FRA,2014,1.02,0.611,10.267,-0.913,102.75666666666666,10.263174529744852,7.959266526109632,0.0009253697420328333,0.045373814235556864,0
FRA,2015,0.986,0.089,10.342,-0.325,97.68166666666667,10.501564927649518,7.800871954675279,-0.04938852304797736,0.2692045909303189,0
FRA,2016,0.728,0.307,10.067,-0.528,98.49166666666667,10.576052193447305,7.811862492294616,0.008292241805865963,0.07733162447614839,0
FRA,2017,2.286,1.166,9.408,-0.547,98.89166666666667,10.53855981910402,7.85862326752526,0.004061257297571563,-0.036798237261194244,0
GRC,1999,2.659,2.141,12.125,-3.721,104.20083333333334,9.782787767298343,4.967679079302797,,,0
GRC,2000,4.138,2.897,11.35,-6.149,96.86333333333334,9.481550015859431,4.847629971818884,-0.07041690325573202,-0.2600981608936026,0
GRC,2001,4.65,3.642,10.775,-7.109,97.88833333333334,8.473705563917779,4.883188211603525,0.010581919542998586,-0.6349950821547025,0
GRC,2002,4.683,3.921,10.35,-6.433,100.5025,8.939750328361036,5.011621474327307,0.026705599918274148,0.5936783378752857,0
GRC,2003,5.797,3.45,9.775,-6.47,106.32166666666666,8.25408901928457,5.282599485305984,0.0579007155709228,-0.4962430196668315,0
GRC,2004,5.378,3.02,10.6,-5.673,108.5625,6.611646602216064,5.459044942529733,0.02107598012321099,-0.8064931597617272,0
GRC,2005,1.183,3.486,10.0,-7.515,108.68,5.733604640272819,5.490795503551361,0.0010823258491652332,-0.5844041319520359,0
GRC,2006,6.443,3.314,9.0,-11.041,109.26833333333333,6.0119287692275245,5.5950384636504875,0.005413446202919836,0.3209142743922564,0
GRC,2007,3.507,2.989,8.4,-14.128,110.62083333333334,6.250321128379928,5.7502333969951165,0.012377785573740585,0.26920708015739203,0
GRC,2008,0.058,4.23,7.75,-14.679,112.63583333333332,5.066724406807842,5.861022662748363,0.018215375343703988,-0.6938244723061058,1
GRC,2009,-4.119,1.347,9.6,-11.018,114.28916666666667,5.29231337863033,5.788350313080109,0.014678573278190221,0.25306051623475256,1
GRC,2010,-5.694,4.704,12.725,-10.066,113.57333333333334,4.684278919181678,5.692586701895467,-0.006263352461227778,-0.4555801024935262,1
GRC,2011,-9.877,3.118,17.85,-10.141,114.19749999999999,3.3931551628714085,5.646075675186217,0.005495714956562425,-0.7250383804450062,1
GRC,2012,-8.331,1.035,24.425,-2.595,110.77083333333333,3.8880949799665263,5.476430078567937,-0.030006494596349853,0.6403995120784312,1
GRC,2013,-2.272,-0.854,27.475,-2.609,109.1925,5.27019095145004,5.466201875544222,-0.01424863644912544,2.9832416451220998,0
GRC,2014,0.792,-1.394,26.5,-2.51,107.37333333333333,6.585920174960394,5.455201450078439,-0.01666017965214328,2.727468151830346,0
GRC,2015,-0.228,-1.094,24.9,-1.487,101.43666666666667,7.311193334005669,5.270879363820541,-0.055289954054389634,1.0652951769803636,0
GRC,2016,-0.032,0.013,23.55,-2.374,101.50583333333333,7.558729500797129,5.262918142196171,0.0006818704610429549,0.2808656863481882,0
GRC,2017,1.473,1.138,21.45,-2.568,101.91166666666668,7.729239736070506,5.299866166537887,0.003998128186393446,0.18590978998261143,0
HRV,1999,-0.936,4.014,18.633,-6.312,96.27,7.9499030306691205,3.1609500578645764,,,1
HRV,2000,3.749,4.605,20.592,-1.408,95.24333333333334,8.124713407865393,3.0976117373751615,-0.01066445067691546,0.19102035058018552,0
HRV,2001,3.108,4.26,21.508,-2.177,98.8525,8.43285460297921,3.1384030247181536,0.03789416582087979,0.3608931268323019,0
HRV,2002,5.804,2.534,21.783,-6.387,99.53083333333332,8.679851725168884,3.28612317381669,0.006862075651433264,0.2801754286709026,0
HRV,2003,5.568,2.399,19.067,-8.94,99.4925,9.01069823767515,3.5621534238208534,-0.0003851402831616113,0.39214609889334895,0
HRV,2004,4.172,2.144,17.783,-5.961,101.15166666666666,9.077708973839668,3.7333746940004877,0.016676298883500307,0.0693069583683974,0
HRV,2005,4.326,2.995,17.583,-7.303,102.58083333333333,9.08248733328199,3.807439965235706,0.01412894827898703,0.004789794007369785,0
HRV,2006,5.084,3.288,16.525,-7.929,104.31416666666667,9.349009129910733,3.9038496947389847,0.016897243637131742,0.3054160426940806,0
HRV,2007,5.048,2.659,14.733,-7.94,104.57916666666667,9.523249262602437,4.082659894943262,0.0025404027896498427,0.19034137138091722,0
HRV,2008,1.968,5.803,13.033,-10.968,108.295,9.469376639944532,4.22638108808985,0.03553129606757244,-0.052447204428297645,0
HRV,2009,-6.814,2.225,14.517,-6.491,109.33416666666666,9.576304575234479,4.131238853404376,0.009595703094941177,0.11285405408481175,0
HRV,2010,-1.332,1.083,17.167,-2.156,106.97166666666668,9.522621526202514,4.0780796697560655,-0.021608067011684162,-0.05226755638134262,0
HRV,2011,-0.1,2.21,17.367,-1.723,104.05083333333333,9.548102069742068,4.1413712676498555,-0.027304738014739205,0.02580794748452675,0
HRV,2012,-2.252,3.353,18.6,-1.763,102.53416666666668,9.570761582494322,4.0532621171208705,-0.014576208744123353,0.022918189647171072,0
HRV,2013,-0.126,2.326,19.808,-1.049,103.16000000000001,9.758279514160188,4.091908263521751,0.006103656504742316,0.20625187933269995,0
HRV,2014,-0.555,0.22,19.275,0.294,102.27166666666666,9.614575557257925,4.088125262408184,-0.008611218818663668,-0.13385587390196474,0
HRV,2015,2.322,-0.256,17.067,2.55,100.11500000000001,9.58493927861769,3.9320608991646533,-0.021087626093900136,-0.029201430482983737,0
HRV,2016,3.461,-0.63,14.958,2.094,100.4525,9.53489751603401,3.9634762870170617,0.003371123208310456,-0.04881030046821078,0
HRV,2017,3.281,1.302,12.433,3.364,101.02,9.819233272609296,4.028311591617663,0.005649436300739108,0.32887903573127053,0
HUN,1999,3.086,9.973,7.0,-7.876,84.53,9.27865301215827,3.895080284697834,,,0
HUN,2000,4.409,9.788,6.433,-8.493,84.17916666666666,9.297893268984044,3.8560027671499943,-0.0041504002523760075,0.01942654338283356,0
HUN,2001,4.062,9.151,5.74,-5.819,91.58416666666666,9.24009333012553,3.9852734671677386,0.08796713359402064,-0.05616124599175443,0
HUN,2002,4.73,5.261,5.843,-6.341,101.20833333333333,9.18204377282107,4.214140385676183,0.10508548602833456,-0.05639681615220349,0
HUN,2003,3.939,4.665,5.901,-7.995,104.4825,9.395075679994072,4.444884056054749,0.032350761630300706,0.23742413331961743,0
HUN,2004,4.963,6.75,6.122,-8.537,111.7025,9.637306011530349,4.644535119510346,0.06910248127676888,0.2740876215811787,0
HUN,2005,4.3,3.562,6.8,-7.195,113.21999999999998,9.814437735702617,4.728254699499761,0.013585192811262026,0.19378833355082858,0
HUN,2006,3.934,3.904,7.075,-7.46,107.49583333333334,9.967213243416673,4.750170557715764,-0.05055791085202832,0.16506340183646695,0
HUN,2007,0.332,7.952,7.0,-7.375,120.14916666666666,10.076305761898272,4.942520608319902,0.11770998875925409,0.11526552824169634,0
HUN,2008,0.993,6.056,7.425,-7.482,123.70583333333333,10.422876406962606,5.06403703082291,0.029602091844165956,0.41420939721532823,1
HUN,2009,-6.74,4.198,9.675,-1.318,116.46,10.656765115149097,4.873722954410696,-0.058573093427283895,0.2635038667459846,1
HUN,2010,1.068,4.872,10.775,-0.263,117.31166666666667,10.682376554540992,4.882036478193392,0.007312954376323733,0.02594223027849063,1
HUN,2011,1.917,3.929,10.675,0.321,116.81416666666667,10.773210648593949,4.953803885607758,-0.004240839927827644,0.0950873086895665,1
HUN,2012,-1.339,5.661,10.675,1.136,113.5025,10.692581074143282,4.8556954140435185,-0.028349871947609073,-0.07746464117338925,1
HUN,2013,2.032,1.713,9.825,3.084,112.445,10.741903225687317,4.910048551018126,-0.009316975397017702,0.0505587353502317,0
HUN,2014,4.334,-0.229,7.525,0.881,107.85166666666667,10.640053353463594,4.949674365735114,-0.040849600545451725,-0.09683486833571153,0
HUN,2015,3.66,-0.066,6.625,2.165,103.23833333333333,10.401227936753463,4.830263834625915,-0.04277479872046497,-0.21244763614602036,0
HUN,2016,2.439,0.397,4.975,4.372,103.93833333333333,10.142740645583405,4.859688365661439,0.006780427166911629,-0.22778115501519758,0
HUN,2017,4.124,2.354,4.05,1.785,105.92833333333333,10.219611298619212,4.965184547858872,0.01914596796177226,0.0799023852633236,0
IRL,1999,10.53,2.412,5.917,-0.115,96.4775,8.490659259637695,4.59504914056402,,,0
IRL,2000,9.403,5.303,4.383,0.614,92.58999999999999,8.51372478343733,4.6076969909259615,-0.040294369153429765,0.0233335900556062,0
IRL,2001,5.306,3.998,4.183,0.179,95.98166666666667,8.55555180229689,4.694526311904185,0.036631025668718786,0.04271409327656084,0
IRL,2002,5.9,4.686,4.733,0.247,101.2925,8.492773646539485,4.855967814084117,0.0553317473823125,-0.0608482040004088,0
IRL,2003,3.014,4.0,4.85,0.492,111.50166666666667,8.138913070278232,5.10370053165993,0.1007889692392494,-0.29802716779034066,0
IRL,2004,6.789,2.31,4.75,-0.098,114.64833333333333,7.750933752046235,5.26931585898896,0.028220803874381417,-0.32157362582411053,0
IRL,2005,5.739,2.201,4.633,-3.54,114.39583333333333,6.243040013537688,5.356553255258953,-0.002202387009550888,-0.7786242375011468,0
IRL,2006,4.988,2.674,4.767,-5.353,116.30916666666667,6.202069112891788,5.4475689223838835,0.016725550901475206,-0.04014293923809098,0
IRL,2007,5.31,2.889,5.008,-6.511,122.17666666666666,6.381449012673852,5.59883668780131,0.05044744252029432,0.19647519850602402,0
IRL,2008,-4.484,3.119,6.8,-6.255,127.32916666666667,6.412173984402371,5.618286312784497,0.04217253703653179,0.03120185521882024,1
IRL,2009,-5.096,-1.676,12.65,-4.667,121.36583333333333,6.247406695400238,5.464623864145308,-0.046833993258941775,-0.15190895876174892,1
IRL,2010,1.683,-1.636,14.608,-1.287,113.085,6.218008311141454,5.403429351324622,-0.0682303503869156,-0.02897045548503574,1
IRL,2011,1.65,1.213,15.4,-1.681,113.26833333333333,3.28537619532031,5.486020251322228,0.0016211993927872648,-0.9467433242376466,1
IRL,2012,-0.399,1.892,15.492,-3.355,108.21916666666668,1.2053963905460623,5.4267765422016545,-0.044577036829946404,-0.8750672647821025,1
IRL,2013,2.192,0.538,13.775,2.395,109.9175,1.4233711912589393,5.494315800338691,0.015693461571040235,0.24355573050632073,0
IRL,2014,9.336,0.301,11.892,2.062,108.84666666666668,5.289224572105398,5.586712934401426,-0.009742155101174266,46.74399886680393,0
IRL,2015,24.616,-0.05,9.925,6.133,100.2475,6.603748057471859,5.71182339298188,-0.0790025724260428,2.7229765097158136,0
IRL,2016,1.223,-0.183,8.375,-1.243,101.485,7.248467115073189,5.722437384753367,0.012344447492456112,0.9054516319155146,0
IRL,2017,10.049,0.259,6.758,1.143,101.89833333333333,7.640229815566503,5.853382817384642,0.004072851488725604,0.47958656457857884,0
ITA,1999,1.678,1.651,10.942,0.8,103.48833333333334,9.836688408782281,7.1358871678269695,,,0
ITA,2000,3.882,2.58,10.1,-0.272,98.62416666666667,10.01785092558339,7.047664167081983,-0.04700207752886809,0.19860995772149215,0
ITA,2001,2.006,2.324,9.1,0.154,99.75916666666667,9.947758821862514,7.066508778136711,0.011508335516142942,-0.06769205307951509,0
ITA,2002,0.27,2.612,8.608,-0.496,101.95416666666667,10.110006485489995,7.155272172413129,0.022002990535539668,0.1761514951987837,0
ITA,2003,0.067,2.813,8.45,-0.785,107.78083333333332,10.168233785555037,7.366782638779633,0.05714986309207548,0.05995589637506793,0
ITA,2004,1.474,2.257,8.017,-0.48,109.56916666666666,10.086271452433037,7.502179312184253,0.016592313104525358,-0.07869333921162247,0
ITA,2005,0.762,2.207,7.758,-0.88,107.83916666666666,10.065943794069053,7.531559348156869,-0.015789113421507017,-0.020122444375598514,0
ITA,2006,1.799,2.229,6.867,-1.469,107.32666666666667,10.102880477451631,7.580019418809442,-0.0047524477037562685,0.037627319706163176,0
ITA,2007,1.462,2.025,6.2,-1.362,107.78916666666667,10.215346202015805,7.70651619313754,0.0043092738679422204,0.11903390088079302,0
ITA,2008,-1.023,3.492,6.792,-2.723,108.46416666666666,10.471809304776727,7.790382499812209,0.006262224867990662,0.2923510807331626,1
ITA,2009,-5.305,0.765,7.875,-1.822,109.38583333333334,10.449325952339253,7.699427919334763,0.008497430026813912,-0.02223248549631973,1
ITA,2010,1.529,1.62,8.508,-3.223,104.92916666666667,10.48228602774546,7.671681002435119,-0.04074263120605193,0.033509275979576314,0
ITA,2011,0.695,2.935,8.575,-2.742,104.87166666666667,10.438742378593288,7.743515984462274,-0.0005479887225510183,-0.042609236116220583,0
ITA,2012,-3.125,3.315,10.892,-0.201,102.99916666666667,10.45784175112712,7.649339704299927,-0.01785515630214707,0.019282932312592482,0
ITA,2013,-1.818,1.245,12.367,1.03,104.4975,10.477737480054982,7.674737787388866,0.014547043260867865,0.02009496808508926,0
ITA,2014,-0.001,0.234,12.783,1.754,104.50416666666666,10.413723699594858,7.684238967464098,6.37973795225566e-05,-0.062007926520698864,0
ITA,2015,0.886,0.108,12.017,1.243,99.46166666666666,10.447003705485981,7.520567834264748,-0.048251664606674405,0.03383998000173505,0
ITA,2016,1.236,-0.05,11.717,2.461,100.04333333333334,10.436561909440558,7.542526245661049,0.005848149203210751,-0.010387469745564704,0
ITA,2017,1.604,1.326,11.3,2.439,100.44416666666666,10.533430867575989,7.58580252722187,0.0040065971412386325,0.10171599324330072,0
LTU,1999,-1.087,1.443,14.6,-10.839,75.64166666666667,7.082221059810508,2.399439534357928,,,0
LTU,2000,3.361,1.094,16.375,-5.847,81.85000000000001,7.17794270869118,2.445905912438268,0.08207557563071521,0.10045270911549564,0
LTU,2001,6.635,1.549,17.362,-4.679,82.05499999999999,7.377302554114173,2.506341930508065,0.002504581551618701,0.22062112180490145,0
LTU,2002,6.531,0.336,13.737,-5.138,84.11916666666667,7.738862779970613,2.659070018880491,0.025155891373672246,0.43556747766168313,0
LTU,2003,10.532,-1.077,12.441,-6.8,85.30833333333334,8.123228697000089,2.933910059910648,0.014136691003833857,0.46868275940170556,0
LTU,2004,6.318,1.154,10.884,-7.593,85.12666666666667,8.16407477268026,3.122805356117467,-0.0021295301357819874,0.041691751510280595,0
LTU,2005,8.185,2.672,8.324,-7.387,83.73583333333333,8.221516580967638,3.2626247317982155,-0.01633839768188583,0.059123636643160005,0
LTU,2006,7.301,3.757,5.778,-10.642,84.06833333333334,8.640164522339512,3.405786833995963,0.003970820934884545,0.5199051648593871,0
LTU,2007,11.1,5.818,4.248,-15.329,86.32583333333334,8.9301581055402,3.6829871284090987,0.0268531551713882,0.3364189124659991,0
LTU,2008,2.18,11.092,5.827,-13.234,91.38,8.745173029021897,3.871284340769195,0.05854755722022165,-0.1688833130857571,0
LTU,2009,-14.503,4.161,13.787,2.031,97.79916666666666,8.733031725946795,3.626764660042137,0.0702469541110382,-0.01206789484578763,0
LTU,2010,0.274,1.191,17.814,0.22,93.68666666666667,8.7199723896959,3.6025860011733357,-0.04205046055266315,-0.012974433113976724,0
LTU,2011,6.343,4.124,15.39,-3.703,94.3975,8.949561150663827,3.7658636431302988,0.007587347897246133,0.2580825308907073,0
LTU,2012,4.376,3.164,13.366,-1.579,93.34166666666665,8.988082678174319,3.755041656367605,-0.011184971353408124,0.03927310107975712,0
LTU,2013,4.079,1.164,11.77,1.693,93.89833333333333,8.94060037353484,3.8355954219781614,0.005963753236318148,-0.04637265223695508,0
LTU,2014,3.769,0.242,10.699,3.596,94.60000000000001,9.024608205660119,3.8792518490976016,0.007472621097286192,0.08763741228793909,0
LTU,2015,2.845,-0.677,9.119,-2.506,92.675,7.17672643900015,3.726849385365565,-0.020348837209302473,-0.8424294156744885,0
LTU,2016,2.614,0.678,7.861,-1.008,94.46416666666666,7.696649271281536,3.7600832131202684,0.019305817822138138,0.6818978564705007,0
LTU,2017,4.705,3.718,7.073,1.027,95.64416666666666,8.296960025817867,3.8658743494021657,0.012491509126035583,0.8226851200621113,0
LUX,1999,8.421,1.021,2.89,10.771,95.33583333333333,-1.0996127890016931,3.048704158320097,,,0
LUX,2000,8.442,3.782,2.4,12.654,93.76583333333333,-1.9173226922034008,3.055886196373738,-0.01646809961277229,-0.5585585585585586,0
LUX,2001,3.074,2.404,2.217,8.275,94.20583333333333,-2.047942874620465,3.062830017086485,0.004692540815328883,-0.12244897959183665,0
LUX,2002,3.225,2.056,2.5,7.609,95.02499999999999,-1.731605546408308,3.162644040398149,0.008695498332551788,0.37209302325581395,0
LUX,2003,2.62,2.528,3.292,7.145,97.41166666666668,4.487370546443864,3.389799336709786,0.025116197491888315,501.1887740112994,0
LUX,2004,4.231,3.244,3.692,7.074,98.29583333333333,4.968875429357632,3.556747082403121,0.009076599312197287,0.6185082358061205,0
LUX,2005,2.483,3.761,4.083,6.938,98.125,5.11604634847698,3.6294744008213966,-0.0017379509134839433,0.15855196478977063,0
LUX,2006,6.016,2.962,4.233,6.642,98.69999999999999,5.0500246468752295,3.759151507099268,0.0058598726114649224,-0.06388945102714516,0
LUX,2007,8.099,2.655,4.183,6.549,99.56083333333333,4.541235482515937,3.9434053866568144,0.008721715636609284,-0.3987768793609232,0
LUX,2008,-0.302,4.092,4.142,6.129,100.36916666666667,5.554394523896323,4.074787904672882,0.008118989227691609,1.7542881965959225,1
LUX,2009,-3.239,0.007,5.483,5.785,100.78333333333335,5.589256790565246,3.9965112018733375,0.004126433250583261,0.03547707927004673,1
LUX,2010,3.76,2.795,5.817,5.778,99.75416666666666,5.600559746375813,4.029983803061711,-0.010211675210848536,0.011367075568806895,1
LUX,2011,1.045,3.728,5.658,5.64,100.6175,5.204425884915389,4.122040789523428,0.008654609247734202,-0.3270833876923096,1
LUX,2012,1.65,2.888,6.099,4.991,99.50999999999999,5.017603426838131,4.091239747268622,-0.01100703157999372,-0.17040898950555405,1
LUX,2013,3.171,1.699,6.83,3.935,100.87666666666667,5.219487339946159,4.177520816744043,0.013733963085787115,0.22370594364592078,0
LUX,2014,2.623,0.694,7.092,4.095,100.95916666666666,5.23901401715413,4.231537991398308,0.0008178303538974863,0.01971856974216535,0
LUX,2015,2.268,0.059,6.648,5.604,98.44416666666666,5.244183290959727,4.09564371795372,-0.024911061402712376,0.005182657552916581,0
LUX,2016,4.978,0.043,6.263,7.401,98.56083333333333,5.25501127567196,4.130354999745133,0.0011851049241109468,0.010886819501009004,0
LUX,2017,1.317,2.113,5.843,6.443,99.06833333333333,5.1559582946497455,4.184931483771308,0.005149104191150888,-0.0943052778798037,0
LVA,1999,2.818,2.114,14.067,-7.426,87.22000000000001,6.7672510611887295,1.991293154903131,,,0
LVA,2000,5.841,2.633,14.342,-4.822,92.54416666666667,6.746212343635318,2.0496264566006506,0.061042956508446045,-0.020818947659163034,0
LVA,2001,6.461,2.526,13.475,-7.666,90.27166666666666,7.046290382141208,2.103158068297152,-0.024555842705735187,0.3499641526509407,0
LVA,2002,7.665,1.963,12.492,-6.687,87.085,7.123890328019099,2.2252719898913753,-0.0353008511345384,0.08069023759566085,0
LVA,2003,8.429,2.94,11.642,-8.138,82.33666666666666,7.26698096700543,2.420279235810689,-0.05452527224359349,0.15383437930506672,0
LVA,2004,8.725,6.187,11.742,-12.777,83.005,7.555769101101186,2.6269124496425706,0.00811708028015068,0.33480889807431824,0
LVA,2005,11.615,6.89,10.042,-12.288,81.47,7.710613000107579,2.7931263734573295,-0.01849286187579058,0.1674757027629279,0
LVA,2006,12.825,6.571,7.033,-21.921,84.10666666666667,8.378650405567655,3.018129570996029,0.03236365124176599,0.9504057063232838,0
LVA,2007,10.415,10.081,6.075,-21.809,89.33,8.622113410157601,3.383135238843747,0.06210367786937221,0.2756591234353212,0
LVA,2008,-3.389,15.253,7.75,-12.877,97.69416666666666,8.522612480506895,3.535028729295676,0.09363222508302549,-0.0947108917345415,1
LVA,2009,-16.04,3.259,17.55,7.872,102.43166666666667,8.771058363781703,3.2487452584704783,0.04849317171786116,0.2820314411487974,1
LVA,2010,-3.661,-1.224,19.475,1.733,95.51583333333333,8.863542205973506,3.1573833265558853,-0.06751655575261561,0.09689541799133905,1
LVA,2011,3.036,4.222,16.208,-3.52,96.62833333333333,8.674624199365066,3.289595205080853,0.011647283609174774,-0.17214561749944823,1
LVA,2012,7.305,2.285,15.048,-3.871,96.09500000000001,8.847093882654411,3.3008612596094924,-0.005519430118840041,0.18823579666809054,1
LVA,2013,2.096,0.011,11.868,-2.892,94.84916666666668,8.910526337309843,3.3726950211894433,-0.012964601002480203,0.06548751464952596,0
LVA,2014,2.095,0.69,10.847,-1.466,95.8175,7.9359709613884775,3.4106525404329107,0.010209191786959781,-0.6226399003449599,0
LVA,2015,3.783,0.213,9.875,-0.105,95.19,8.023786572059478,3.2713544165133315,-0.0065489080804654876,0.09178678963344411,0
LVA,2016,2.552,0.099,9.642,1.78,96.0225,8.040890919301582,3.299902663510574,0.008745666561613463,0.01725146417215262,0
LVA,2017,3.399,2.894,8.715,1.472,96.54916666666666,8.334512105999613,3.3803482069261945,0.005484825605109878,0.3412757143364096,0
NLD,1999,5.038,2.037,4.139,3.499,96.61583333333334,8.746205376562635,6.105290876426804,,,0
NLD,2000,4.228,2.347,3.66,1.737,91.415,8.8542186321347,6.035084224461475,-0.05383003130956798,0.1140625128245163,0
NLD,2001,2.328,5.113,3.137,2.269,94.05916666666667,8.687824634311795,6.069672495716961,0.028924866451530473,-0.15328743444609605,0
NLD,2002,0.246,3.854,3.665,2.322,97.36916666666667,8.702417298399533,6.163723141706097,0.035190615835777095,0.014699656813131678,0
NLD,2003,0.098,2.225,5.921,5.134,103.51166666666666,8.900481399872985,6.366968605417233,0.06308465205446612,0.21904053361158238,0
NLD,2004,2.013,1.383,6.773,7.632,104.84249999999999,8.883168098329147,6.493640368966302,0.012856843834028409,-0.017164287552702606,0
NLD,2005,2.029,1.492,6.961,6.631,103.27916666666665,8.864774917075852,6.534535652021525,-0.014911255772547705,-0.01822505904041527,0
NLD,2006,3.539,1.652,6.079,8.14,101.84499999999998,9.14066806615456,6.603446410937906,-0.013886311372897087,0.31770705829165613,0
NLD,2007,3.882,1.588,5.295,5.314,102.61666666666667,9.076659299578774,6.749462699987544,0.007576873353298597,-0.06200322352514409,0
NLD,2008,2.127,2.213,4.77,3.937,102.82333333333332,9.1451536194487,6.864635855725696,0.0020139678414810014,0.07089454211341173,1
NLD,2009,-3.67,0.971,5.422,3.542,103.835,9.061068337183693,6.777646593635117,0.009838882225175816,-0.08064715174146775,1
NLD,2010,1.317,0.931,6.082,6.634,99.24083333333334,9.09400480573032,6.74894827528522,-0.04424487568417823,0.033484878359200554,0
NLD,2011,1.777,2.471,6.05,7.26,98.64166666666667,9.122548901701983,6.8167139745499945,-0.006037501364525744,0.028955382621553394,0
NLD,2012,-0.977,2.818,6.823,7.809,95.92166666666667,9.28760201607486,6.740785281692619,-0.0275745543634367,0.17945576310091238,0
NLD,2013,-0.032,2.556,8.204,8.269,98.91333333333334,9.366307001967419,6.784416337826499,0.031188643511198544,0.08188510361745882,0
NLD,2014,1.612,0.321,8.338,8.862,99.57083333333333,9.185565339739405,6.804380568086021,0.006647233268180841,-0.1653490472859388,0
NLD,2015,2.121,0.218,7.887,4.879,95.24000000000001,9.086577024850703,6.6539231124279725,-0.04349499937230594,-0.0942467082102656,0
NLD,2016,2.425,0.113,7.005,7.316,96.1425,8.678914274719366,6.68078441283354,0.009476060478790238,-0.33479681931729055,0
NLD,2017,2.783,1.294,5.873,8.129,96.77583333333332,8.527430926509405,6.742802802574298,0.00658744398505684,-0.14056780676179115,0
POL,1999,4.524,7.3,13.133,-7.404,90.13083333333333,10.169962586968497,5.127867066723981,,,0
POL,2000,4.26,10.1,16.087,-6.008,98.64666666666666,10.178080586039938,5.148371998655259,0.09448302005418041,0.008151039372431335,0
POL,2001,1.205,5.5,18.242,-3.107,111.71166666666666,10.133074301797198,5.254381152877209,0.13244238697033173,-0.04400852586825954,0
POL,2002,1.443,1.9,20.235,-2.776,106.97083333333335,10.238501583635117,5.296786194902806,-0.0424381219508555,0.111185298232227,0
POL,2003,3.523,0.735,19.942,-2.504,95.94666666666666,10.364857140489363,5.3870651517745936,-0.10305768706423113,0.13468554178946457,0
POL,2004,5.091,3.538,19.276,-5.955,95.57833333333333,10.450243867880255,5.546949311296011,-0.003838938299054906,0.08913818483273395,0
POL,2005,3.261,2.21,18.052,-3.305,105.96333333333332,10.608733743981077,5.727362273176657,0.10865433239750977,0.1717400615869047,0
POL,2006,6.202,1.197,14.169,-4.652,107.72583333333334,10.738720061275421,5.846143933908483,0.016633112082796053,0.1388128011776648,0
POL,2007,6.76,2.472,9.944,-6.689,111.72666666666667,11.046440438176116,6.063122198247078,0.03713903350326064,0.36032055870041435,0
POL,2008,4.384,4.342,7.466,-6.752,122.34833333333334,10.984122546973575,6.28341001834572,0.0950683214988961,-0.060415846225225334,0
POL,2009,2.615,3.785,8.514,-3.975,103.21833333333332,11.203591369054926,6.088940561616325,-0.15635684997752342,0.2454150179022927,0
POL,2010,3.169,2.59,9.635,-5.152,108.60833333333333,11.365786406125864,6.1698429231063505,0.052219405467375024,0.17608960002429597,0
POL,2011,5.255,4.226,9.632,-5.123,106.6075,11.404093839530692,6.2688083634733305,-0.018422466047725017,0.039050622651150446,0
POL,2012,1.512,3.727,10.088,-4.09,103.44833333333332,11.516089473910638,6.2108992290613685,-0.029633624901312605,0.11850797765352916,0
POL,2013,0.684,1.117,10.328,-1.973,104.34083333333332,11.5062723945972,6.2503226722461855,0.008627495206947167,-0.00976904909098042,0
POL,2014,3.92,0.105,8.988,-2.97,104.84083333333332,11.451732595931919,6.295756655956779,0.00479198779640444,-0.05307917807695439,0
POL,2015,4.432,-0.924,7.499,-1.324,99.55,11.401113499837441,6.17322136113142,-0.050465388008806955,-0.04935929566496533,0
POL,2016,3.031,-0.677,6.161,-1.072,95.54666666666667,11.60371139495507,6.158848000600202,-0.04021429767286122,0.2245799596534508,0
POL,2017,5.152,1.969,4.888,-1.194,99.05083333333333,11.590058343471101,6.270037128851419,0.036674923248674274,-0.013560271300736226,0
PRT,1999,3.907,2.17,5.169,-8.868,97.98083333333334,8.987903820678552,4.848876859662515,,,0
PRT,2000,3.816,2.805,4.717,-10.796,95.89333333333333,9.052422371365676,4.7762454058089645,-0.021305187239000878,0.0666453650655574,0
PRT,2001,1.944,4.41,4.801,-10.449,98.18833333333333,9.130017991864623,4.80077808710778,0.02393284204671864,0.08068556321097131,0
PRT,2002,0.771,3.701,5.779,-8.383,100.40666666666668,9.273863471497677,4.903050083416319,0.022592636599731986,0.15470566919529594,0
PRT,2003,-0.931,3.237,7.038,-6.634,104.0,8.565763102760368,5.1070660579329195,0.035787796295066565,-0.5074209722160832,0
PRT,2004,1.789,2.51,7.392,-7.957,104.86916666666667,8.440560690704793,5.243311927511307,0.008357371794871948,-0.11768170735048356,0
PRT,2005,0.782,2.13,8.343,-9.585,104.0625,8.062564109780627,5.285044672754133,-0.0076921243136289785,-0.31476715647507825,0
PRT,2006,1.625,3.046,8.408,-10.26,104.59666666666668,7.5149862826018765,5.341218797540891,0.005133133133133239,-0.42165102364275076,0
PRT,2007,2.507,2.422,8.722,-9.62,105.31083333333333,6.95115886632224,5.482819876666707,0.006827814780585584,-0.43097301250017506,0
PRT,2008,0.319,2.652,8.315,-11.838,105.25833333333333,6.929496809703372,5.573628230184819,-0.0004985242100765674,-0.021429119269584795,1
PRT,2009,-3.122,-0.903,10.177,-10.356,104.59666666666668,6.698735306218512,5.498814410570013,-0.00628612144723284,-0.2060712072922004,1
PRT,2010,1.738,1.391,11.506,-10.257,102.3675,7.607250666967056,5.4749519497853765,-0.021312023965072258,1.480636947198401,1
PRT,2011,-1.714,3.554,13.585,-6.103,103.255,5.830791647941356,5.502820255223584,0.008669743815175712,-0.830763649772787,1
PRT,2012,-4.051,2.776,16.636,-1.489,102.41916666666667,6.326391501109051,5.378393919802651,-0.008094846093005925,0.6414825923265375,1
PRT,2013,-0.984,0.44,17.216,1.534,102.15083333333332,7.037276265668125,5.423543742796894,-0.002619952320122465,1.035791658373355,0
PRT,2014,0.741,-0.16,14.546,0.343,101.44833333333334,8.122776587779486,5.438679128995163,-0.006877085355805446,1.9609208623865948,0
PRT,2015,1.59,0.508,12.862,0.505,99.49416666666667,8.513134257276883,5.2936012631943274,-0.019262678867732363,0.47750915934532934,0
PRT,2016,2.004,0.636,11.268,1.421,100.60916666666667,9.164619620929948,5.329084176718188,0.01120668715921358,0.9183882179177478,0
PRT,2017,3.315,1.556,9.242,1.484,100.82333333333334,9.074066052862582,5.397189377312659,0.0021286993398548226,-0.08657459784310051,0
ROU,1999,-1.15,45.804,7.175,-4.022,73.82333333333334,7.3239624836222035,3.582212529920411,,,1
ROU,2000,2.921,45.667,7.592,-2.596,82.74083333333333,7.811446975279777,3.622926599945428,0.1207951415541606,0.6282152750296792,0
ROU,2001,5.218,34.454,7.392,-3.182,84.075,8.272749391931324,3.6987307701643104,0.01612464623472909,0.5861384534370317,0
ROU,2002,5.703,22.498,8.317,-2.675,84.66416666666667,8.719807451477955,3.8294019767398093,0.007007632074536696,0.5637050846591924,0
ROU,2003,2.341,15.37,7.75,-4.677,82.52,8.992147048044012,4.056815750329687,-0.02532555095130773,0.3130328270455658,0
ROU,2004,10.428,11.855,7.983,-7.58,84.53916666666667,9.589858414329848,4.318274470942934,0.024468815640652952,0.8179534062216252,0
ROU,2005,4.668,8.995,7.125,-8.751,99.39583333333333,9.897042829852106,4.590533591735076,0.17573708438889257,0.35959167476292797,0
ROU,2006,8.029,6.591,7.175,-10.503,106.25916666666666,10.24230945510042,4.8049550346583505,0.06905051351917835,0.4123664420235593,0
ROU,2007,7.234,4.834,6.342,-13.56,114.86833333333334,10.523893004130016,5.163819793035332,0.08102046097983728,0.3252267131021924,0
ROU,2008,9.307,7.846,5.6,-11.455,108.53916666666667,10.511809392260098,5.373271766095288,-0.05509931660887102,-0.0120108982079139,0
ROU,2009,-5.517,5.584,8.425,-4.644,100.59666666666668,10.580106135311281,5.162337263993292,-0.0731763495512372,0.07068297907723342,0
ROU,2010,-3.906,6.113,9.025,-5.13,101.79333333333334,10.652616045535025,5.137731860898873,0.011895689055303249,0.07520346154422919,0
ROU,2011,4.496,5.795,9.092,-4.718,104.28833333333334,10.65369961478425,5.261891942930184,0.024510446001702935,0.0010841565224810612,0
ROU,2012,1.904,3.339,8.692,-4.641,98.06583333333333,10.62161390950116,5.188658738335071,-0.05966630975021181,-0.03157642049466125,0
ROU,2013,0.279,4.002,8.992,-1.121,102.70083333333334,10.709354474105554,5.2461763445198715,0.04726416777844822,0.09170485840365528,0
ROU,2014,4.116,1.076,8.592,-0.322,103.46,10.575036700496756,5.298262365035481,0.007392020512654085,-0.1256878128843103,0
ROU,2015,3.157,-0.596,8.392,-0.65,99.5,10.467517811419052,5.181097922044319,-0.03827566209162958,-0.10194044122619894,0
ROU,2016,2.86,-1.555,7.2,-2.085,97.7725,10.457510647272636,5.22217578955943,-0.017361809045226217,-0.0099572590873932,0
ROU,2017,8.195,1.344,6.092,-3.185,96.40583333333335,10.563586938257457,5.349628160782464,-0.013978027223060074,0.11190670172809303,0
SVK,1999,-0.473,10.461,16.492,-4.461,51.73499999999999,8.122638349315633,3.0392705755684744,,,1
SVK,2000,0.789,12.161,18.9,-3.085,57.044999999999995,8.299484842591967,3.030664960094014,0.10263844592635563,0.19344787679159614,1
SVK,2001,2.925,7.144,19.458,-7.993,57.958333333333336,8.328523527962105,3.062642978836618,0.016010751745697993,0.02946441891690288,1
SVK,2002,4.417,3.489,18.825,-7.615,59.284166666666664,9.083358910215393,3.212817510284237,0.022875629043853207,1.1272613095669395,1
SVK,2003,4.857,8.417,17.7,-4.925,67.1425,9.365359246242129,3.5223525032186225,0.13255366103934452,0.32577916548396235,0
SVK,2004,5.39,7.451,18.358,-5.872,73.79166666666667,9.57610091656102,3.761734856415185,0.09903066860284726,0.23459338174842426,0
SVK,2005,6.485,2.779,16.358,-7.317,75.36749999999999,9.609076222666378,3.890022765148479,0.02135516657255776,0.033525017168304805,0
SVK,2006,8.926,4.266,13.442,-7.027,79.44166666666666,9.445032975507258,4.051437061210824,0.05405734125009687,-0.15129468300736937,0
SVK,2007,10.819,1.9,11.217,-4.798,87.82666666666667,9.799559343969927,4.347176357238135,0.10554914507500279,0.4255053300857241,0
SVK,2008,5.363,3.95,9.592,-6.361,95.61833333333334,9.787228979296218,4.575967920179878,0.08871641111279804,-0.012254657213549347,0
SVK,2009,-5.505,0.937,12.1,-3.445,102.53833333333334,3.920407774795545,4.4913966017282245,0.07237105854874426,-0.9971681390516094,0
SVK,2010,6.791,0.698,14.425,-4.632,98.05416666666667,3.953391429828398,4.512912343060295,-0.043731612567657674,0.033533646029756614,0
SVK,2011,2.562,4.073,13.6,-4.882,98.8825,4.2649940564163895,4.602045308640567,0.00844771172396186,0.36561192732525205,0
SVK,2012,1.569,3.732,13.9,0.928,98.39166666666667,2.8421265035697276,4.551600618645334,-0.004963803841259384,-0.7589781179792502,0
SVK,2013,0.703,1.458,14.158,2.935,99.44666666666666,3.9951969288020432,4.596492644794403,0.010722452782247816,2.1679048070856908,0
SVK,2014,2.708,-0.094,13.1,1.739,99.50166666666667,6.480187358479206,4.6224107103704934,0.0005530602668097906,11.00100540078555,0
SVK,2015,5.177,-0.331,11.475,-2.063,95.96583333333332,7.083037240867915,4.4907465013881245,-0.03553541816719996,0.8273190311733243,0
SVK,2016,1.948,-0.472,9.667,-1.454,96.06416666666667,7.1427641580550985,4.503381063086057,0.0010246702385399153,0.061546616823691114,0
SVK,2017,2.875,1.393,8.075,-1.735,95.73333333333333,7.41172174844204,4.56376468792942,-0.0034438786574945146,0.3085996426651487,0
SVN,1999,5.268,6.121,7.425,-3.245,99.56833333333333,8.02577469190881,3.1209542383073727,,,0
SVN,2000,3.498,8.935,6.75,-2.784,97.35416666666667,8.04237800517328,3.0087472106314856,-0.022237659229005113,0.016741914286368065,0
SVN,2001,2.829,8.38,6.75,0.04,97.70583333333333,8.353338782327139,3.029795478829692,0.0036122405307081884,0.36473569131832817,0
SVN,2002,3.283,7.481,6.35,0.885,99.5625,8.832378795292538,3.146864115557907,0.01900261840388251,0.6145237361485727,0
SVN,2003,3.195,5.544,6.725,-0.817,101.76833333333333,9.02918837897578,3.380960660160718,0.02215526260723988,0.21751218444623155,0
SVN,2004,4.546,3.593,6.325,-2.712,101.44666666666667,9.066731574764436,3.5319332036512097,-0.0031607736525768315,0.03825684443643351,0
SVN,2005,3.854,2.452,6.55,-1.813,100.54666666666667,8.988835983632518,3.583574492468513,-0.008871656699743768,-0.07493899392587766,0
SVN,2006,5.909,2.458,6.0,-1.846,100.30166666666666,8.85181806132442,3.671046385962144,-0.0024366794854794316,-0.12804540144689258,0
SVN,2007,7.139,3.657,4.875,-4.154,101.3725,6.848051250164905,3.868823186121927,0.010676127016832515,-0.8651735402958436,0
SVN,2008,3.372,5.647,4.425,-5.345,103.18583333333333,6.69692603193483,4.016437073345575,0.017887822963163824,-0.14025996320699952,1
SVN,2009,-7.59,0.839,5.9,-1.032,104.695,6.37935412310142,3.9104417559118154,0.014625715739402079,-0.27208566457839534,1
SVN,2010,1.112,1.801,7.25,-0.697,102.41833333333334,6.229127441994012,3.8676948715786033,-0.021745705780282343,-0.13948710770041484,1
SVN,2011,0.655,1.803,8.225,-0.772,101.40249999999999,5.794711647606511,3.935544200469492,-0.009918471627801129,-0.3523570867946888,1
SVN,2012,-2.916,2.597,8.9,1.41,100.25999999999999,5.602589079294568,3.832893214252841,-0.011266980597125276,-0.1747942817789876,1
SVN,2013,-0.824,1.769,10.1,3.527,101.27416666666666,5.675045974897946,3.86844722271127,0.010115366713212337,0.07514646155183002,0
SVN,2014,2.763,0.199,9.75,5.327,101.30083333333334,6.034644718941191,3.9025179754138413,0.0002633116375516664,0.43275439796688686,0
SVN,2015,2.393,-0.526,9.0,4.116,98.12666666666667,5.85317093566964,3.754526735349791,-0.03133406273393613,-0.16595988918004145,0
SVN,2016,3.035,-0.055,8.025,5.284,98.54916666666666,5.4996143311354615,3.7905105240262547,0.0043056593518582265,-0.29781375546216127,0
SVN,2017,5.174,1.429,6.575,6.793,98.7275,5.864987834181903,3.8740303379180507,0.0018095874309778104,0.4410521450113247,0
SWE,1999,4.201,0.57,7.55,3.816,129.56333333333333,9.512073267650623,5.614291662770359,,,0
SWE,2000,4.631,1.295,6.342,3.815,126.06583333333333,9.529303064460995,5.5717889465307024,-0.02699452005454217,0.017379085934033478,0
SWE,2001,1.361,2.681,5.967,4.599,115.92916666666667,9.452501929126154,5.490993462920847,-0.08040772347781244,-0.07392600130842475,0
SWE,2002,2.278,1.936,6.083,4.352,119.22416666666668,9.64988479373721,5.588644687243691,0.028422528124213864,0.2182103610675039,0
SWE,2003,1.881,2.318,6.692,5.801,126.60416666666667,9.798960023182193,5.811362525322826,0.061900202000433335,0.1607603092783505,0
SWE,2004,4.18,1.019,7.517,5.934,126.97583333333334,9.9349862195955,5.952068618605388,0.0029356590422906503,0.14571190674437973,0
SWE,2005,2.793,0.835,7.908,5.951,121.24916666666667,9.970304725573445,5.970473263639881,-0.04510044562285476,0.035949612403100684,0
SWE,2006,4.676,1.5,7.167,8.08,120.15666666666665,10.088887698939681,6.046255716790673,-0.00901037120530046,0.12590028996352065,0
SWE,2007,3.225,1.679,6.242,8.07,121.66000000000001,10.180437238408865,6.194511507923063,0.012511443393347754,0.0958710642186591,0
SWE,2008,-0.923,3.347,6.275,7.754,118.795,10.131698244183356,6.243422934669264,-0.02354923557455213,-0.0475703130922599,1
SWE,2009,-4.256,1.938,8.417,5.926,107.22500000000001,10.559529780142832,6.073765472318667,-0.09739467149290792,0.5339276475504438,1
SWE,2010,5.751,1.9,8.7,5.876,113.53583333333334,10.543207584713212,6.200008034294357,0.05885598818683446,-0.016189710193809548,0
SWE,2011,3.164,1.36,7.875,5.466,120.06916666666666,10.568929462003851,6.34658503350336,0.057544240805031954,0.026055539439331143,0
SWE,2012,-0.414,0.937,8.067,5.496,119.40249999999999,10.603957853475855,6.309449077259866,-0.0055523552396882225,0.03564911198498977,0
SWE,2013,1.138,0.442,8.108,4.334,120.73916666666666,10.921883507347436,6.370120136894412,0.011194628811513008,0.3742740854717823,0
SWE,2014,2.296,0.209,8.042,3.287,114.575,10.883804174174841,6.3591066315064095,-0.05105357968623814,-0.03736343115124152,0
SWE,2015,4.41,0.703,7.517,2.599,106.5025,10.81637249127545,6.217998345036178,-0.07045603316604854,-0.06520841931489885,0
SWE,2016,2.35,1.14,7.058,1.876,107.255,10.850734168530728,6.242647300053405,0.007065561841271384,0.03495886012442306,0
SWE,2017,1.825,1.867,6.783,2.064,106.2325,10.886745104841209,6.284290865209977,-0.009533355088340856,0.036667183743116505,0
