seed,spec,variant,config,auroc
42,11a,baseline_t1,integrated,0.7830783003159073
42,11a,baseline_t1,macro,0.7328410999536841
42,11a,baseline_t1,micro,0.8527820374269922
42,11a,rt1,integrated,0.8844649205224148
42,11a,rt1,macro,0.8831287152486924
42,11a,rt1,micro,0.8651130097280935
42,11b,baseline_t1,integrated,0.866172381053663
42,11b,baseline_t1,macro,0.8570010637507112
42,11b,baseline_t1,micro,0.8109470166029308
42,11b,rt1,integrated,0.8989414239685121
42,11b,rt1,macro,0.8748876851981583
42,11b,rt1,micro,0.884570901848816
42,11c,baseline_t1,integrated,0.6889092932419275
42,11c,baseline_t1,macro,0.6631473329988925
42,11c,baseline_t1,micro,0.7468493621560349
42,11c,rt1,integrated,0.8699874324692382
42,11c,rt1,macro,0.8549447387465469
42,11c,rt1,micro,0.8442853721240501
42,11d,baseline_t1,integrated,0.7547499390022621
42,11d,baseline_t1,macro,0.7620166009363327
42,11d,baseline_t1,micro,0.7381332726738509
42,11d,rt1,integrated,0.8764750936110759
42,11d,rt1,macro,0.8567620775744599
42,11d,rt1,micro,0.8441046029025654
7,11a,baseline_t1,integrated,0.7978089827553395
7,11a,baseline_t1,macro,0.7429978199888762
7,11a,baseline_t1,micro,0.8322899498382501
7,11a,rt1,integrated,0.8842894114499121
7,11a,rt1,macro,0.8811828017475304
7,11a,rt1,micro,0.8659657831238189
7,11b,baseline_t1,integrated,0.8775600469665252
7,11b,baseline_t1,macro,0.8557349237685257
7,11b,baseline_t1,micro,0.8115243882042232
7,11b,rt1,integrated,0.8954143932494626
7,11b,rt1,macro,0.8775317746131265
7,11b,rt1,micro,0.8824164148651655
7,11c,baseline_t1,integrated,0.7292879863766801
7,11c,baseline_t1,macro,0.6762014408608937
7,11c,baseline_t1,micro,0.7405685930179965
7,11c,rt1,integrated,0.8663931297726987
7,11c,rt1,macro,0.8413966918856216
7,11c,rt1,micro,0.84318421170821
7,11d,baseline_t1,integrated,0.771324552877715
7,11d,baseline_t1,macro,0.8034490670601993
7,11d,baseline_t1,micro,0.7387509040137451
7,11d,rt1,integrated,0.8735119003181776
7,11d,rt1,macro,0.8619491335042969
7,11d,rt1,micro,0.8440730296627968
13,11a,baseline_t1,integrated,0.7875462589553703
13,11a,baseline_t1,macro,0.7573646046556437
13,11a,baseline_t1,micro,0.8262869194790263
13,11a,rt1,integrated,0.8883252372161666
13,11a,rt1,macro,0.8829664565248393
13,11a,rt1,micro,0.8648299144975352
13,11b,baseline_t1,integrated,0.8622798662663441
13,11b,baseline_t1,macro,0.8635792199224929
13,11b,baseline_t1,micro,0.8083094538285504
13,11b,rt1,integrated,0.8955352102445366
13,11b,rt1,macro,0.8790622650019156
13,11b,rt1,micro,0.8852799486678644
13,11c,baseline_t1,integrated,0.7107042003696491
13,11c,baseline_t1,macro,0.6799691415669953
13,11c,baseline_t1,micro,0.7499061378401951
13,11c,rt1,integrated,0.860967975539393
13,11c,rt1,macro,0.8532094618808915
13,11c,rt1,micro,0.8403145963362375
13,11d,baseline_t1,integrated,0.7623004810707635
13,11d,baseline_t1,macro,0.7203252412498905
13,11d,baseline_t1,micro,0.7304790843696392
13,11d,rt1,integrated,0.8817340377629567
13,11d,rt1,macro,0.8586914687328441
13,11d,rt1,micro,0.8469734028107031
27,11a,baseline_t1,integrated,0.7918246133200567
27,11a,baseline_t1,macro,0.7718130435472133
27,11a,baseline_t1,micro,0.8395475917324505
27,11a,rt1,integrated,0.879872682548947
27,11a,rt1,macro,0.8777063900529267
27,11a,rt1,micro,0.8639330945702847
27,11b,baseline_t1,integrated,0.8436855316198312
27,11b,baseline_t1,macro,0.8401783910574792
27,11b,baseline_t1,micro,0.8145920253747357
27,11b,rt1,integrated,0.8974702860102292
27,11b,rt1,macro,0.878215928493275
27,11b,rt1,micro,0.8820168849518684
27,11c,baseline_t1,integrated,0.6980548948646953
27,11c,baseline_t1,macro,0.6520747869817729
27,11c,baseline_t1,micro,0.7451089157190522
27,11c,rt1,integrated,0.8570381700106421
27,11c,rt1,macro,0.8515419664883926
27,11c,rt1,micro,0.8399627529349769
27,11d,baseline_t1,integrated,0.762067491616555
27,11d,baseline_t1,macro,0.7871510574744276
27,11d,baseline_t1,micro,0.7510332578710774
27,11d,rt1,integrated,0.8829634327539092
27,11d,rt1,macro,0.8514300233086312
27,11d,rt1,micro,0.8464086901935693
99,11a,baseline_t1,integrated,0.7755202612523108
99,11a,baseline_t1,macro,0.7390331931399228
99,11a,baseline_t1,micro,0.8485815783713851
99,11a,rt1,integrated,0.8852283189409299
99,11a,rt1,macro,0.8780858151815849
99,11a,rt1,micro,0.8660697137777964
99,11b,baseline_t1,integrated,0.8685142948140645
99,11b,baseline_t1,macro,0.8641105723663606
99,11b,baseline_t1,micro,0.8079901333037757
99,11b,rt1,integrated,0.896613256152189
99,11b,rt1,macro,0.8787308560461207
99,11b,rt1,micro,0.8846323127563984
99,11c,baseline_t1,integrated,0.6862425897843937
99,11c,baseline_t1,macro,0.6475212842393856
99,11c,baseline_t1,micro,0.7459365623376616
99,11c,rt1,integrated,0.8680685153086515
99,11c,rt1,macro,0.8552043103101182
99,11c,rt1,micro,0.8426294590002069
99,11d,baseline_t1,integrated,0.7867501037043501
99,11d,baseline_t1,macro,0.7859848193937967
99,11d,baseline_t1,micro,0.7456639377648133
99,11d,rt1,integrated,0.8767125973598254
99,11d,rt1,macro,0.8437187100677903
99,11d,rt1,micro,0.8454894489932102
