seed,model,baseline,extended,added_macro
42,LR,26.9,15.47,19.05
42,DT,0.23,0.08,40.8
42,RF,9.28,7.64,30.18
42,XGB,2.28,1.08,28.45
42,LGBM,1.72,0.96,31.32
42,MLP,20.78,11.52,30.88
42,Mean,10.2,6.12,30.11
7,LR,26.9,15.53,19.1
7,DT,0.83,0.16,40.29
7,RF,11.89,7.45,31.27
7,XGB,6.02,3.53,28.22
7,LGBM,1.11,0.7,28.81
7,MLP,19.82,11.54,30.92
7,Mean,11.1,6.48,29.77
13,LR,26.89,15.41,18.97
13,DT,0.23,0.1,44.5
13,RF,12.02,5.81,30.74
13,XGB,2.15,3.22,28.22
13,LGBM,0.96,0.9,29.96
13,MLP,28.1,13.6,32.6
13,Mean,11.72,6.51,30.83
27,LR,26.9,15.46,19.0
27,DT,0.74,0.61,45.65
27,RF,13.72,6.63,32.2
27,XGB,4.74,3.75,22.26
27,LGBM,0.8,0.77,31.04
27,MLP,19.71,11.79,32.94
27,Mean,11.1,6.5,30.52
99,LR,26.89,15.55,19.13
99,DT,0.49,0.06,40.61
99,RF,11.11,6.73,33.03
99,XGB,1.94,4.94,26.31
99,LGBM,1.18,0.53,24.03
99,MLP,20.8,12.01,32.72
99,Mean,10.4,6.64,29.31
