country_iso3,year,crisis
AUT,1990,0
AUT,1991,0
AUT,1992,0
AUT,1993,0
AUT,1994,0
AUT,1995,0
AUT,1996,0
AUT,1997,0
AUT,1998,0
AUT,1999,0
AUT,2000,0
AUT,2001,0
AUT,2002,0
AUT,2003,0
AUT,2004,0
AUT,2005,0
AUT,2006,0
AUT,2007,0
AUT,2008,1
AUT,2009,1
AUT,2010,1
AUT,2011,1
AUT,2012,0
AUT,2013,0
AUT,2014,0
BEL,1990,0
BEL,1991,0
BEL,1992,0
BEL,1993,0
BEL,1994,0
BEL,1995,0
BEL,1996,0
BEL,1997,0
BEL,1998,0
BEL,1999,0
BEL,2000,0
BEL,2001,0
BEL,2002,0
BEL,2003,0
BEL,2004,0
BEL,2005,0
BEL,2006,0
BEL,2007,0
BEL,2008,1
BEL,2009,1
BEL,2010,1
BEL,2011,1
BEL,2012,1
BEL,2013,1
BEL,2014,1
DEU,1990,0
DEU,1991,0
DEU,1992,0
DEU,1993,0
DEU,1994,0
DEU,1995,0
DEU,1996,0
DEU,1997,0
DEU,1998,0
DEU,1999,0
DEU,2000,0
DEU,2001,0
DEU,2002,0
DEU,2003,0
DEU,2004,0
DEU,2005,0
DEU,2006,0
DEU,2007,0
DEU,2008,1
DEU,2009,1
DEU,2010,1
DEU,2011,0
DEU,2012,0
DEU,2013,0
DEU,2014,0
DNK,1990,1
DNK,1991,1
DNK,1992,1
DNK,1993,0
DNK,1994,0
DNK,1995,0
DNK,1996,0
DNK,1997,0
DNK,1998,0
DNK,1999,0
DNK,2000,0
DNK,2001,0
DNK,2002,0
DNK,2003,0
DNK,2004,0
DNK,2005,0
DNK,2006,0
DNK,2007,0
DNK,2008,1
DNK,2009,1
DNK,2010,1
DNK,2011,1
DNK,2012,1
DNK,2013,1
DNK,2014,1
ESP,1990,0
ESP,1991,0
ESP,1992,0
ESP,1993,0
ESP,1994,0
ESP,1995,0
ESP,1996,0
ESP,1997,0
ESP,1998,0
ESP,1999,0
ESP,2000,0
ESP,2001,0
ESP,2002,0
ESP,2003,0
ESP,2004,0
ESP,2005,0
ESP,2006,0
ESP,2007,0
ESP,2008,1
ESP,2009,1
ESP,2010,1
ESP,2011,1
ESP,2012,1
ESP,2013,1
ESP,2014,1
FIN,1990,0
FIN,1991,1
FIN,1992,1
FIN,1993,1
FIN,1994,1
FIN,1995,0
FIN,1996,0
FIN,1997,0
FIN,1998,0
FIN,1999,0
FIN,2000,0
FIN,2001,0
FIN,2002,0
FIN,2003,0
FIN,2004,0
FIN,2005,0
FIN,2006,0
FIN,2007,0
FIN,2008,0
FIN,2009,0
FIN,2010,0
FIN,2011,0
FIN,2012,0
FIN,2013,0
FIN,2014,0
FRA,1990,0
FRA,1991,0
FRA,1992,0
FRA,1993,0
FRA,1994,1
FRA,1995,1
FRA,1996,0
FRA,1997,0
FRA,1998,0
FRA,1999,0
FRA,2000,0
FRA,2001,0
FRA,2002,0
FRA,2003,0
FRA,2004,0
FRA,2005,0
FRA,2006,0
FRA,2007,0
FRA,2008,1
FRA,2009,1
FRA,2010,1
FRA,2011,1
FRA,2012,1
FRA,2013,1
FRA,2014,1
GRC,1990,0
GRC,1991,1
GRC,1992,1
GRC,1993,1
GRC,1994,1
GRC,1995,1
GRC,1996,0
GRC,1997,0
GRC,1998,0
GRC,1999,0
GRC,2000,0
GRC,2001,0
GRC,2002,0
GRC,2003,0
GRC,2004,0
GRC,2005,0
GRC,2006,0
GRC,2007,0
GRC,2008,1
GRC,2009,1
GRC,2010,1
GRC,2011,1
GRC,2012,1
GRC,2013,1
GRC,2014,1
ITA,1990,1
ITA,1991,1
ITA,1992,1
ITA,1993,1
ITA,1994,1
ITA,1995,1
ITA,1996,0
ITA,1997,0
ITA,1998,0
ITA,1999,0
ITA,2000,0
ITA,2001,0
ITA,2002,0
ITA,2003,0
ITA,2004,0
ITA,2005,0
ITA,2006,0
ITA,2007,0
ITA,2008,1
ITA,2009,1
ITA,2010,1
ITA,2011,1
ITA,2012,1
ITA,2013,1
ITA,2014,1
NLD,1990,0
NLD,1991,0
NLD,1992,0
NLD,1993,0
NLD,1994,0
NLD,1995,0
NLD,1996,0
NLD,1997,0
NLD,1998,0
NLD,1999,0
NLD,2000,0
NLD,2001,0
NLD,2002,0
NLD,2003,0
NLD,2004,0
NLD,2005,0
NLD,2006,0
NLD,2007,0
NLD,2008,1
NLD,2009,1
NLD,2010,1
NLD,2011,1
NLD,2012,1
NLD,2013,1
NLD,2014,1
POL,1990,0
POL,1991,1
POL,1992,1
POL,1993,1
POL,1994,1
POL,1995,1
POL,1996,0
POL,1997,0
POL,1998,0
POL,1999,0
POL,2000,0
POL,2001,0
POL,2002,0
POL,2003,0
POL,2004,0
POL,2005,0
POL,2006,0
POL,2007,0
POL,2008,0
POL,2009,0
POL,2010,0
POL,2011,0
POL,2012,0
POL,2013,0
POL,2014,0
PRT,1990,0
PRT,1991,0
PRT,1992,0
PRT,1993,0
PRT,1994,0
PRT,1995,0
PRT,1996,0
PRT,1997,0
PRT,1998,0
PRT,1999,0
PRT,2000,0
PRT,2001,0
PRT,2002,0
PRT,2003,0
PRT,2004,0
PRT,2005,0
PRT,2006,0
PRT,2007,0
PRT,2008,1
PRT,2009,1
PRT,2010,1
PRT,2011,1
PRT,2012,1
PRT,2013,1
PRT,2014,1
SWE,1990,0
SWE,1991,1
SWE,1992,1
SWE,1993,1
SWE,1994,1
SWE,1995,0
SWE,1996,0
SWE,1997,0
SWE,1998,0
SWE,1999,0
SWE,2000,0
SWE,2001,0
SWE,2002,0
SWE,2003,0
SWE,2004,0
SWE,2005,0
SWE,2006,0
SWE,2007,0
SWE,2008,1
SWE,2009,1
SWE,2010,1
SWE,2011,0
SWE,2012,0
SWE,2013,0
SWE,2014,0
