country_iso3,year,NGDP_RPCH,PCPIPCH,LUR,BCA_NGDPD,BIS_REER,RXF11FX_REVS,NGDPD,FS.AST.PRVT.GD.ZS,FM.AST.NFRG.CN,reer_g,fx_g,nfa_gdp,credit_g,credit_gap,credit_gap_missing
AUT,2004,2.565,1.964,5.867,2.092,99.82083333333333,8.819196232523865,5.700694378056967,88.4249908125088,97625152653.57901,0.0098893872458099,-0.053293150199541506,3.8935200422320118,0.0013096376785981523,,1
AUT,2005,2.32,2.102,6.025,2.274,99.04333333333334,8.748053849119849,5.74979417930477,94.96703597230652,106413359293.496,-0.007788955211420312,-0.06867072314598865,3.482478640477772,0.07398412032260304,,1
AUT,2006,3.269,1.686,5.592,3.318,98.21249999999999,8.790747992230754,5.8109134221742496,95.1090616207875,123442186320.141,-0.0083885841214284,0.04361864807808513,6.403411889623929,0.0014955257582471848,1.0215757511953285,0
AUT,2007,3.775,2.2,5.2,3.826,98.605,9.2360604565364,5.957923275351282,93.50258949041907,169296543476.48,0.003996436298841832,0.560977869504516,16.248412614965687,-0.016890841976484272,-0.9617426465542565,0
AUT,2008,1.453,3.23,4.433,4.52,98.58583333333333,9.017293184701959,6.061892721388226,96.44189203311308,188770491862.896,-0.00019437824315882146,-0.19649130449994956,6.672674917897077,0.031435520221557045,0.5294002261487378,0
AUT,2009,-3.586,0.406,5.683,2.613,99.04416666666667,8.472478547022277,5.988602956660697,98.34385102620136,189329072906.55798,0.004649079059702688,-0.42005072587971426,0.19512103712159698,0.01972129489574148,0.7663014999815942,0
AUT,2010,1.809,1.691,5.2,2.873,96.49416666666667,8.728196159184073,5.966521028043213,99.14687950005448,179603367894.225,-0.025746089707453734,0.2913880041785675,-3.307493612964354,0.008165517879091144,0.19427186279216357,0
AUT,2011,2.927,3.542,4.883,1.641,96.79666666666667,8.863780328092353,6.061174827862022,96.67256925541795,160066128482.569,0.003134904527907434,0.14520558248163296,-6.339821122552545,-0.024956007260270585,-2.2112731562602477,0
AUT,2012,0.628,2.569,5.233,1.492,95.40333333333332,8.983667462297445,6.008832841269074,94.83797957739648,149101390350.1,-0.014394435070078315,0.12736960293211164,-3.4633938426648556,-0.018977355129295437,-3.1671907856995034,0
AUT,2013,-0.251,2.118,5.35,1.748,97.15166666666666,9.004816491060147,6.055816332061437,93.34113913880635,144461029996.151,0.018325704901995143,0.021374254437342755,-1.4447322966076328,-0.01578313293113298,-3.325006702321005,0
AUT,2014,0.756,1.465,6.042,2.397,98.44916666666667,9.272182529941636,6.083745142351942,88.35991712583275,155735701091.019,0.013355406494999444,0.3065185954200498,3.4153924863674874,-0.05336577267999798,-5.388492862985288,0
AUT,2015,1.303,0.81,6.158,1.577,95.63333333333333,9.171460708658794,5.939075916216262,86.43999649910079,144157061876.05798,-0.028601901150340003,-0.09581547720470274,-3.384740234786225,-0.021728411356450428,-4.330717952611209,0
AUT,2016,2.117,0.973,6.475,2.574,96.88583333333332,9.182359791187734,5.975281810096205,83.58975397114592,124288587818.408,0.01309689787382351,0.010958693901840455,-5.586279375247417,-0.0329736539031964,-3.9061548128221517,0
AUT,2017,2.272,2.228,5.925,1.264,97.83666666666666,8.825563895605141,6.027748259185229,84.7370865911526,106360188649.512,0.00981395628875914,-0.30008466103065357,-4.8812000990103614,0.013725756632837038,-0.7732224083423915,0
BEL,2004,3.571,1.857,8.383,3.098,98.51083333333334,8.95091328776846,5.910924007203208,61.8425933319116,89513460637.9189,0.016081896477626367,0.00832291031408583,3.1687038709445163,-0.011007375384463502,,1
BEL,2005,2.322,2.539,8.475,1.995,98.5625,8.826899979320165,5.955648232408561,63.5977700769197,82914965761.80399,0.0005244770033752122,-0.1166319154539559,-2.128288593420577,0.02838135741798542,,1
BEL,2006,2.553,2.331,8.267,1.85,98.08916666666666,8.938380088639619,6.011955662831799,65.83361909755914,79143921311.13,-0.004802367364193705,0.11793150736589353,-1.159780733188677,0.035156091446842286,2.0727734371380535,0
BEL,2007,3.677,1.819,7.492,1.496,98.67166666666667,9.137531285136356,6.154811383796001,68.44384869400373,102821926031.495,0.0059384743473200885,0.2203664670861143,6.890774843981221,0.039648885056379646,2.4830954192796924,0
BEL,2008,0.447,4.49,6.967,-1.006,101.1675,8.957649259357249,6.248566915124867,62.75830286365248,103907667385.212,0.025294326301032122,-0.16463124242346283,0.30867452800552747,-0.0830687627718012,-2.0793170976607414,0
BEL,2009,-1.906,-0.004,7.992,1.651,101.15833333333335,8.961987865727334,6.1830926632222365,58.46580254095864,110247905774.52501,-9.060880882361122e-05,0.004348031748775183,1.823296536905845,-0.0683973295456961,-3.827154317296163,0
BEL,2010,2.71,2.329,8.383,1.623,98.44,8.972028777818698,6.177838299323789,56.785496406807134,110536013940.853,-0.02687206524425423,0.01009149119420849,0.07931567634394764,-0.028739982367886885,-3.0649303814578985,0
BEL,2011,1.931,3.344,7.225,-1.926,99.44333333333333,8.986248921547524,6.267401666835647,55.01452954940179,107504286043.041,0.0101923337396721,0.014321730929701681,-0.8004659324738984,-0.031186957400500037,-2.4446862383194414,0
BEL,2012,0.216,2.62,7.642,-0.081,97.5425,9.042011278470948,6.212066872240336,54.49032814526355,106183296669.78899,-0.019114738712164292,0.0573463828304126,-0.3405183120291611,-0.009528417464108707,-1.0972431881996911,0
BEL,2013,0.306,1.252,8.567,0.951,98.94166666666666,9.028748708745102,6.261693953939499,56.159869726617984,127883940304.826,0.014344174761428796,-0.01317500936720839,5.4991756891534935,0.0306392278810228,1.2291909458968746,0
BEL,2014,1.766,0.495,8.667,0.768,98.78916666666667,8.9664584341797,6.2880945917836835,57.61062311847911,136742077282.833,-0.0015413122210055086,-0.06038989771228631,2.1874195387542343,0.025832563339681647,2.4764591999697885,0
BEL,2015,1.474,0.623,8.667,1.387,94.49000000000001,9.042237268193897,6.133595420479555,60.802622142860585,139361040144.44598,-0.04351860443537159,0.07872397072238213,0.6302583305529197,0.05540643116837973,4.187816364664776,0
BEL,2016,1.193,1.772,7.842,0.554,96.95916666666666,9.026798903392324,6.161504745814568,63.61608627593577,132796381112.20999,0.02613151303488892,-0.01531980415932177,-1.5321267449090006,0.04627208554369133,4.706086555085157,0
BEL,2017,1.475,2.225,7.108,0.701,98.065,9.162791039157021,6.21607302489326,65.33723403679508,110235201828.814,0.011405144777440812,0.145672883718297,-5.088140039989426,0.02705522866329435,3.9644624437453047,0
BGR,2004,6.51,6.149,12.191,-4.277,78.77583333333334,9.072468361054954,3.264155071066961,33.14463900213093,9320698326.46127,0.04655359475677012,0.41094992406906106,-2.627728580216302,0.27995453138899795,11.176322319000079,0
BGR,2005,7.056,6.038,10.172,-9.428,79.09916666666668,8.986242903327469,3.3967876731734554,39.06344566376078,13261909407.8103,0.004104473664723773,-0.08261262417052306,16.394708704379596,0.17857508302471836,9.989350019955115,0
BGR,2006,6.803,7.416,9.022,-15.28,82.50666666666667,9.295790372318127,3.5374749999547035,42.4504456723938,18276741484.137,0.04307883563880788,0.3628082615720991,18.295923974284666,0.08670510117788055,6.9449666251490925,0
BGR,2007,6.654,7.572,6.935,-23.892,87.10166666666667,9.706513766187774,3.793959930564444,58.458507453434386,19288526115.519398,0.055692469295410385,0.5079082022142529,3.1166154981631826,0.37709996979963134,12.503724132124844,0
BGR,2008,6.13,11.951,5.664,-22.076,94.64166666666667,9.726596364563859,3.9977602377067107,66.92029487701005,13620841413.9898,0.08656550773999716,0.02028561048097499,-15.216853709142868,0.14474860533030154,10.28191108020745,0
BGR,2009,-3.347,2.469,6.878,-8.315,98.57666666666667,9.687615996057952,3.9517051505668506,68.95856758265224,14624677547.6022,0.04157788148278607,-0.0382304100649391,2.6828279816540515,0.030458214647563153,3.9659775229119987,0
BGR,2010,1.555,3.039,10.211,-1.724,95.28416666666668,9.576889882511907,3.925728652484258,68.20166580584323,17069031612.975399,-0.033400399012612714,-0.10481610590108092,6.383888483702665,-0.010976181834139731,-2.1603310996099054,0
BGR,2011,2.09,3.386,11.349,0.329,96.81833333333333,9.565328427919054,4.054945166439363,65.27895337932021,21086216244.6775,0.016100961160038674,-0.011494877798568615,9.68481050732695,-0.04285397419534309,-7.278453807364187,0
BGR,2012,0.749,2.391,12.38,-0.847,95.4425,9.763039719241563,3.994468976794844,65.78328853896433,25440498592.278503,-0.014210462894424292,0.2186105195980248,10.304870552217922,0.007725846287907512,-7.775420695644954,0
BGR,2013,-0.543,0.385,13.038,1.274,95.94083333333333,9.760792513084258,4.022132228108176,66.18685036366206,28626293621.2018,0.0052212937981857,-0.0022446830798606987,7.575214891413145,0.00613471648591557,-7.53481418962285,0
BGR,2014,0.949,-1.601,11.524,2.115,94.93666666666667,9.777961006892696,4.044471311726373,59.22654702051945,35213711213.384605,-0.010466520164337356,0.017316719453606577,15.311019072533682,-0.10516142262246042,-11.477226309589497,0
BGR,2015,3.398,-1.067,9.233,0.017,91.745,9.897900574398848,3.9272268391704186,54.79459701561389,40913479842.7355,-0.033618903830623936,0.1274287161916452,12.445692010532477,-0.07483046417293382,-11.462222413516713,0
BGR,2016,3.027,-1.323,7.666,3.028,91.95333333333333,10.031753749563533,3.9876683666220565,52.01975021583504,49993983788.026405,0.0022707867822042704,0.1432249535059631,18.62614291155196,-0.05064088342484108,-9.479525352394717,0
BGR,2017,2.746,1.188,6.23,3.157,93.31416666666667,10.153528102556326,4.0824069246490575,49.80388811710125,51975962389.2449,0.01479917349380111,0.12949920490781075,3.7751278733014138,-0.04259655399228102,-7.100411402672947,0
CZE,2004,4.736,2.76,8.344,-3.705,79.48666666666666,10.234374578005951,4.788724316184592,25.60842314713789,863141994277.52,0.017309968963641564,0.05895876594482341,1.3537427539955131,0.05600096112574615,4.5989874748886805,0
CZE,2005,6.375,1.857,7.932,-2.09,83.81416666666667,10.27978814732732,4.9219060788306095,29.19851129377499,1076182872653.8899,0.054443093181246294,0.04646055440929042,6.4783740873515585,0.14019169107014484,8.449937050461966,0
CZE,2006,6.623,2.534,7.128,-2.454,88.20416666666667,10.34347196508366,5.051367684602191,33.84681886732165,972460743254.5,0.05237778020819861,0.06575537255857533,-2.9380942040225424,0.15919673187371242,10.945372764208564,0
CZE,2007,5.489,2.853,5.306,-4.592,91.23166666666667,10.447123826230804,5.246207949749485,38.71113866539923,970197143455.2001,0.03432377533185327,0.1092142271204315,-0.05869374003306843,0.14371571571158714,11.855437365382983,0
CZE,2008,2.612,6.359,4.377,-1.864,104.80833333333334,10.504289794465526,5.46730035890281,43.283747328834906,974907193652.94,0.14881528708964353,0.05883152821291304,0.11665574088088432,0.11812126486278629,11.34165624349183,0
CZE,2009,-4.798,1.019,6.703,-2.261,100.4425,10.588344919845138,5.33317762518397,45.07691664311666,980383900698.406,-0.0416554027192495,0.08768885141705351,0.1388087721461781,0.04142823634605164,8.354715512001171,0
CZE,2010,2.715,1.473,7.284,-3.515,100.75666666666666,10.604982602773086,5.352658760755793,45.87029550562466,992189341232.8,0.003127826036455339,0.01677685996433631,0.2927245485290686,0.01760055748243272,5.149376702159763,0
CZE,2011,1.772,1.917,6.708,-2.071,102.49416666666667,10.541490227225559,5.444273131021253,47.933134001814246,969395256198.563,0.017244516491878192,-0.06151872532073854,-0.5565838623083239,0.044971118530000354,3.5035332186494514,0
CZE,2012,-0.771,3.288,6.975,-1.537,98.48083333333334,10.655179890963074,5.348834609885853,49.05494531110003,1124652753313.24,-0.03915669997479532,0.1204043688219949,3.769862686855409,0.023403671231748024,1.572919985251339,0
CZE,2013,-0.042,1.438,6.949,-0.522,96.61500000000001,10.894751394797764,5.361404835418293,50.28986491040681,1290720095216.81,-0.01894615703563296,0.270704541625038,3.9833749995759207,0.02517421213039972,0.2874895493585541,0
CZE,2014,2.245,0.344,6.111,0.18,91.20916666666666,10.865777494754528,5.351436243545156,49.092694193432564,1318781511860.86,-0.0559523193430973,-0.02855818127479992,0.6409656082904247,-0.023805407294433034,-2.1074240350249482,0
CZE,2015,4.959,0.309,5.021,0.446,88.34083333333332,11.044994659192504,5.242318280427934,49.260449635443216,1541446829478.55,-0.031447862513819036,0.19628050554504273,4.786635181115189,0.0034171162281229073,-2.5962021551534775,0
CZE,2016,2.581,0.684,3.946,1.759,90.76083333333334,11.342034238110656,5.2890798315955,50.57218311676781,1808059988274.05,0.02739390051788071,0.345868566415801,5.505089970442058,0.026628532444023634,-1.9707034921701947,0
CZE,2017,5.174,2.451,2.89,1.541,94.6975,11.894731337991024,5.40071148680226,50.232442564154844,1968080176227.69,0.043374069211205235,0.7379340841885982,3.0895840854293493,-0.006717933292073375,-2.4680243468498304,0
DEU,2004,1.171,1.78,10.333,4.514,110.78416666666668,10.594097341639417,7.955433156224922,105.0247269999651,685095215692.0599,0.014545732056320926,-0.02912394584554956,6.890413295514247,-0.03208317426749652,,1
DEU,2005,0.883,1.928,11.008,4.651,108.395,10.590750655816919,7.9707376266181305,103.75352043032021,906728848240.13,-0.021565957830917637,-0.00334109191159504,9.529719206094917,-0.012103878828890524,,1
DEU,2006,3.862,1.775,10.042,5.81,107.35416666666667,10.537916123371488,8.021738822274234,100.34127723417059,1157017600088.35,-0.009602226424958005,-0.051463048412425993,10.316165818208875,-0.03288797509710761,-0.6351500544977426,0
DEU,2007,2.887,2.271,8.542,6.672,108.73416666666667,10.615660980656115,8.156070370321459,95.49834396708388,1448236367607.71,0.012854647777993389,0.08084685328566077,11.455293700756027,-0.04826461652251601,-1.7001016107590203,0
DEU,2008,0.91,2.754,7.425,5.6,108.45916666666666,10.559894163841728,8.244956292477136,95.40173330037693,1562215032989.8,-0.0025291038542010202,-0.054240354573215965,4.401944377668312,-0.001011647560508977,0.45972466071762597,0
DEU,2009,-5.548,0.246,7.225,5.803,108.89166666666667,10.516734556931105,8.153643815479178,96.8593447395117,1511299435641.33,0.003987675853431849,-0.04224148701014374,-2.041548107975235,0.015278668308314813,2.6219381400408395,0
DEU,2010,4.147,1.119,6.575,5.742,103.18416666666667,10.528252701793978,8.15219427053642,86.77037847097421,1454108187337.99,-0.05241447922246878,0.011584734109358896,-2.186828395774802,-0.10416100063107192,-3.252586860376624,0
DEU,2011,3.764,2.482,5.517,6.29,102.09583333333335,10.547532694048726,8.249092806822636,83.24939659471916,1624030166650.3198,-0.010547483867841434,0.019467051538642366,6.185931803820651,-0.040578155106617,-2.6063148014361275,0
DEU,2012,0.469,2.159,5.083,7.188,98.60416666666667,10.544404526258882,8.18873773437383,82.19127775713756,1647238417058.35,-0.03419989389054412,-0.00312328017074337,0.8290792778153766,-0.012710228312318161,-0.4655539518258678,0
DEU,2013,0.386,1.607,4.95,6.708,100.80250000000001,10.56424399646093,8.244896685131971,80.68477714827942,1603079051198.31,0.022294527783646823,0.020037580456266246,-1.5405433095657406,-0.018329202927220622,0.6419300157592716,0
DEU,2014,2.172,0.769,4.708,7.233,101.65833333333335,10.524260488705915,8.285720801419593,77.79203677704919,1681632269975.78,0.008490199482486416,-0.03919471514220141,2.6320659540042275,-0.03585236860621255,0.4153976545826623,0
DEU,2015,1.656,0.68,4.367,8.105,96.4225,10.501953968668325,8.138539912187138,76.5815039050479,1686751791104.02,-0.051504221657513005,-0.022059569232051324,0.16583969473053356,-0.01556114124470942,1.3108713212984355,0
DEU,2016,2.289,0.367,3.908,8.907,97.80166666666666,10.51559064274789,8.170979904441165,75.98868305995538,1666811573884.91,0.014303369718340342,0.013730077607781999,-0.6240659367963328,-0.007741044702224031,2.17222723060695,0
DEU,2017,2.713,1.702,3.567,8.067,98.52083333333333,10.530392080751383,8.232643275304156,76.05908595875923,1644852041571.09,0.00735331708730258,0.014911521748967482,-0.6588301110320339,0.0009264918928559851,2.9716552606862905,0
DNK,2004,2.778,0.937,5.517,4.035,105.37916666666666,10.550486077070094,5.529381467329982,145.29299879291776,76401645878.03,0.00675923124691491,0.06088212420842121,0.6678253712015834,0.03864684467312762,-15.452415741105881,0
DNK,2005,2.357,1.726,4.8,4.052,103.89083333333333,10.389303013297951,5.580295703583139,157.13814784274675,63681849579.01,-0.014123601281088138,-0.1488637553670541,-0.7999476636563492,0.08152594514696165,-12.31196438949192,0
DNK,2006,3.82,1.844,3.9,3.18,103.25999999999999,10.280553186122594,5.646813454644815,168.74550256399388,56289812700.04,-0.006072078864834185,-0.10304521685635193,-0.43863387523643615,0.07386719826214949,-9.61780642350817,0
DNK,2007,0.987,1.657,3.617,1.292,103.8625,10.374397021385262,5.7689863993637065,184.03742470059993,73389669211.3201,0.0058347859771450405,0.09838820301783269,0.980977642747927,0.09062121303533321,-4.862312051560707,0
DNK,2008,-0.417,3.638,2.65,2.865,105.23333333333333,10.592199913805961,5.872052998644141,190.31686614058046,-38885897718.53001,0.013198539736029247,0.24334197133847457,-6.204026835299553,0.03412045919571094,-7.199407836259894,0
DNK,2009,-4.978,1.042,4.833,3.586,108.12666666666667,11.174076405943204,5.776478259666684,200.39918231773544,65205046149.6001,0.02749445676274953,0.7893930643095699,6.018456070163079,0.052976472246592854,-5.701596980148025,0
DNK,2010,1.584,2.198,6.058,6.415,103.53333333333335,11.161010602418157,5.775625502807295,192.82994675065706,202732399967.07,-0.042481040754670296,-0.012980816458271982,7.58605949912023,-0.03777079067656708,-15.554116222850723,0
DNK,2011,1.313,2.656,5.95,6.346,102.74583333333334,11.265860566064319,5.841559840365514,187.07112826147798,294047489880.44,-0.007606245975531278,0.11054397588648457,4.939873043963402,-0.02986475174743286,-19.444379391145958,0
DNK,2012,-0.005,2.354,6.075,6.064,99.94166666666666,11.3189522909558,5.789326942927799,182.29482500660802,283286059866.974,-0.027292266515268282,0.054526366999961606,-0.5685040956939071,-0.02553201714908082,-19.74484035628967,0
DNK,2013,1.393,0.522,5.758,7.368,100.78916666666667,11.319550376969282,5.842474279420914,176.47778714250967,347078738036.729,0.008479946635537416,0.0005982649025859654,3.295833562694999,-0.03191005484597542,-19.021106950867676,0
DNK,2014,1.278,0.352,4.992,8.402,101.6925,11.151576758857999,5.865994857173251,173.40626422347074,539197324201.11707,0.008962603454405471,-0.15462386299036057,9.701678971344075,-0.017404586541866607,-15.286600352675237,0
DNK,2015,2.101,0.226,4.542,7.957,97.7925,11.003806534291922,5.709628685547767,170.4826084106843,637196221206.1119,-0.038350910834132224,-0.1373706968057672,4.827042236501162,-0.016860151078617935,-11.58764005011679,0
DNK,2016,3.076,0.017,4.125,7.088,99.13416666666666,10.992917232062506,5.743586351070063,167.0593462826272,678342044012.553,0.013719525185128312,-0.010830228396603747,1.9579075056995365,-0.020079831954533667,-8.620370324460993,0
DNK,2017,3.056,1.058,4.2,7.323,99.54583333333333,11.157034897786303,5.8039625952079295,162.0560896534546,763192723706.922,0.004152621447365279,0.17835295868953693,3.8751867708312893,-0.029948977656767517,-7.046560654962775,0
ESP,2004,3.11,3.054,10.965,-5.418,102.1125,9.257353625040402,6.974800655330889,115.9283258474128,-10395285980.2661,0.021218611706073087,-0.4015015224900613,3.4980747038678635,0.0880788060043527,,1
ESP,2005,3.552,3.384,9.153,-7.195,102.52416666666666,9.058832864223225,7.052120522931732,135.8712539946257,19193459882.013,0.004031501203737742,-0.18005725211778367,3.188023326920286,0.17202808719468776,,1
ESP,2006,4.046,3.561,8.453,-8.796,103.81416666666667,9.21912378462129,7.140384894978811,156.5802566429447,49382990590.654,0.012582399271716449,0.17385231890620778,3.0040051412810853,0.15241636504759226,7.671955628897166,0
ESP,2007,3.533,2.843,8.233,-9.351,105.28166666666668,9.286557154739263,7.297714117218833,167.63594146301625,31605748840.100002,0.01413583566790022,0.06975897930864128,-1.6497972467455064,0.07060714458580941,3.2885974398298004,0
ESP,2008,0.766,4.131,11.245,-8.791,107.01166666666667,9.353572546992513,7.399970396593091,170.74302069699542,-48728913712.945,0.01643211068720407,0.06931193716806905,-7.221534669359116,0.0185346841904106,-3.8136970574044824,0
ESP,2009,-3.768,-0.239,17.855,-3.977,106.69583333333333,9.456166008807953,7.309856736354641,173.38232415959143,-64484812594.071,-0.0029513915928170986,0.10804085658056328,-1.4684105985261744,0.01545775312994957,-8.054899290230281,0
ESP,2010,0.094,2.043,19.858,-3.558,103.53583333333334,9.495961321773265,7.26483863950746,171.3251233585079,-122356877241.62,-0.029616901628460757,0.04059775552317135,-5.372727408802807,-0.011865112611998185,-12.999026224018309,0
ESP,2011,-0.638,3.05,21.39,-2.614,104.1275,10.159747492699678,7.304722381102638,167.02710795459862,-192325932591.174,0.005714607664013105,0.9421316741170072,-6.547179757418336,-0.025086895136304355,-16.604862953178326,0
ESP,2012,-2.866,2.436,24.788,0.156,101.89416666666666,10.247575324359387,7.194315222082204,157.43433169492377,-189487402351.51498,-0.021448064472241568,0.09180013242900409,0.27399892657071356,-0.05743245139754416,-21.038774242000585,0
ESP,2013,-1.428,1.53,26.095,2.081,103.43333333333334,10.245946014475793,7.216861457540161,145.7595753725435,-106268835790.733,0.015105542515518655,-0.00162798327882685,8.11372342283562,-0.07415635583859559,-23.61490961404141,0
ESP,2014,1.521,-0.19,24.443,1.78,102.91833333333334,10.40095990995603,7.2302734662693755,129.35899644737134,-87700782643.6854,-0.004979052529809902,0.16767418638597698,1.787195824534949,-0.11251802074240624,-26.454714930761696,0
ESP,2015,4.062,-0.629,22.058,2.046,97.99333333333334,10.563876645519514,7.095302325757901,118.21689025601778,-88629934208.767,-0.04785347605706791,0.17693868847180494,-0.08546971839898777,-0.0861332145220115,-22.842622976122513,0
ESP,2016,2.915,-0.337,19.635,3.147,98.52583333333332,10.756762905635552,7.125019983690908,110.9018341589735,-121196995116.17801,0.005434043132185762,0.21274484821601658,-2.9000906444633734,-0.061878265290199574,-16.28665850187639,0
ESP,2017,2.894,2.036,17.225,2.793,99.805,10.853248320996718,7.186362297414198,105.15698823272001,-151895108876.707,0.012983058588695195,0.10129351905843831,-2.623716587055393,-0.05180118047478344,-9.802997679191861,0
EST,2004,6.801,3.038,10.14,-11.92,83.3025,7.488928297417262,2.4982341099988625,40.2980800105181,686017220.3293201,0.022189727281093585,0.3020957019566268,,,,1
EST,2005,9.523,4.117,8.031,-8.677,84.31,7.572051129153346,2.648229422783671,56.57390871153367,775893032.46215,0.01209447495573368,0.08667527856191937,0.792175502134072,0.403885959250849,,1
EST,2006,9.763,4.444,5.912,-14.925,85.62583333333333,7.930617247199904,2.836091550983094,76.22456527859846,-491666575.68474,0.015607084964219364,0.4312756621506024,-9.34009567305978,0.3473448629342917,,1
EST,2007,7.571,6.745,4.592,-14.859,89.0125,8.090275714926916,3.112537053096075,83.74761304347481,-2466638416.9614797,0.039551926501931955,0.17311014759054633,-12.040923147006524,0.09869584349061022,,1
EST,2008,-5.125,10.606,5.455,-8.656,94.295,8.285203351452713,3.195975604981868,89.66887262603436,-3106924200.6095,0.05934559752843693,0.21522304554640526,-3.852751602348337,0.07070362207798953,,1
EST,2009,-14.63,0.199,13.549,2.55,95.58416666666666,8.262221145055385,2.9803140208256105,101.3830349840814,-2733925106.51036,0.01367163334924082,-0.022720127051671812,2.639292309190662,0.13063800196196484,-2.602225034757751,0
EST,2010,2.45,2.741,16.707,1.783,92.88083333333333,7.808062953423526,2.9739466814820688,92.80434922111775,-1773921061.07265,-0.028282229448740592,-0.3650177235820855,6.512137320845479,-0.08461658071600087,-11.925323609434841,0
EST,2011,7.607,5.08,12.325,1.31,94.04416666666667,4.601466355267668,3.1484533605716547,77.72733932681423,-1052919408.7072699,0.012525009644975382,-0.959505802962319,4.306581118004891,-0.16246016507675398,-20.146661550901527,0
EST,2012,3.672,4.219,10.023,-1.879,93.1475,5.189831973542685,3.146391149839104,72.23596262838056,97605723.68294239,-0.00953452721682202,0.80104241779775,6.361216262254264,-0.07064923032222281,-18.180952932292314,0
EST,2013,1.757,3.247,8.628,-0.14,95.745,5.241412091254058,3.2367550349554373,68.56881284789606,923797329.5194119,0.02788587992162972,0.05293354153848906,4.31133771667455,-0.05076626166595488,-14.75248957433432,0
EST,2014,3.323,0.476,7.351,0.583,96.46750000000002,5.758105757140006,3.2981674813426114,66.22448268107267,1426018070.03566,0.0075460859574914,0.6764754880086563,2.466027191546954,-0.03418945245593985,-10.822979388481855,0
EST,2015,1.838,0.068,6.185,1.475,94.03083333333332,5.705968352882728,3.1490540384976407,67.7220402662715,1282182008.37278,-0.025258938675374543,-0.050801566023750744,-0.68457878696152,0.02261335271444631,-5.168712669969537,0
EST,2016,3.093,0.8,6.758,0.978,94.84083333333332,5.493692780630729,3.200874773758648,68.4124027630138,1399670466.3210201,0.008614195698219529,-0.19125819994340132,0.5294906261633998,0.010194059334714511,-1.7132817191276501,0
EST,2017,5.635,3.651,5.763,1.685,96.38499999999999,5.518771197806249,3.312730400339825,62.85953774119957,2910572928.76253,0.01628166489469196,0.025395525992742307,6.213583929415338,-0.08116751930274713,-3.3563606974675153,0
FIN,2004,4.005,0.147,8.875,5.604,107.77499999999999,9.34358501849297,5.2850750731270475,63.73274705337626,25182876597.399002,-0.0010890469680470138,0.19705648001553988,0.587993114821754,0.05719986731422755,,1
FIN,2005,2.778,0.774,8.475,2.877,104.97000000000001,9.217893544811806,5.322878263147165,69.25473382483331,22018572706.616302,-0.02602644398051479,-0.11811310986916501,-1.921649818895643,0.08664284887692641,,1
FIN,2006,4.019,1.275,7.775,3.931,103.62583333333333,8.721697856904411,5.380155384763669,73.41389902869936,27614086691.7601,-0.01280524594328547,-0.3911575136973746,3.237001975658939,0.06005604200841885,0.31656434919629817,0
FIN,2007,5.313,1.583,6.95,4.029,104.90083333333332,8.808252883283975,5.546699722725872,76.28288400985785,33854836502.853096,0.012303881754067048,0.09041136745676681,3.3362467516093823,0.039079588730696946,-0.562253862143308,0
FIN,2008,0.784,3.916,6.425,2.543,106.51583333333333,8.778369103919298,5.6548267967901324,80.10532655866318,27747075572.5221,0.015395492568378133,-0.029441674100764592,-3.144229911677553,0.050108783882782504,-0.4893478831993292,0
FIN,2009,-8.076,1.634,8.325,1.996,107.515,8.909673453450168,5.534203386671724,86.30863620106199,31298203001.275,0.009380452045470555,0.1403147827736273,1.9540140472407093,0.07743941519114794,0.9849002363298496,0
FIN,2010,3.168,1.686,8.5,1.362,101.4975,8.501041085650934,5.519991839294559,88.13321498615444,41735294720.325,-0.0559689345672697,-0.33544149947687785,5.547307009439425,0.02114016470891711,-0.8439736882896369,0
FIN,2011,2.389,3.324,7.9,-1.551,101.34666666666668,8.576890814290122,5.617058329138935,89.5337836128608,52898997231.882,-0.0014860792958775182,0.0788004491646781,5.648074934384158,0.015891495923828325,-2.188473074523202,0
FIN,2012,-1.523,3.162,7.8,-2.23,98.89999999999999,8.64772473398654,5.551431285884411,92.07547734781262,48046253535.977394,-0.024141560321010558,0.0734029399777405,-2.4217946560523655,0.02838809701086653,-2.1624091890887343,0
FIN,2013,-0.98,2.216,8.325,-1.883,100.61916666666667,8.807752670161108,5.5994288593114785,93.31341493977799,43099449187.2503,0.017382878328277895,0.17354365485428613,-2.4308979241596176,0.013444813186133109,-2.8126816563329413,0
FIN,2014,-0.478,1.209,8.825,-1.357,102.33583333333333,8.766252458732108,5.61148076486433,93.36620436715164,44086101198.5802,0.017061030453111137,-0.040650867492776244,0.4792946546500705,0.0005657217390202529,-3.7655148547479342,0
FIN,2015,0.467,-0.156,9.575,-0.908,98.52666666666666,8.736883218173526,5.452042241447528,94.98506127730838,53147822318.9628,-0.037222217698264726,-0.028942155678725046,4.311163660073932,0.017338788923996207,-3.079913075236206,0
FIN,2016,2.572,0.389,8.975,-1.969,99.5075,8.778844001435619,5.4752578043895115,94.78437026289073,34536617534.0307,0.009955003721496825,0.04285358063327682,-8.627602268218128,-0.0021128692419508655,-3.5591351502020814,0
FIN,2017,3.303,0.839,8.825,-0.656,98.9175,8.75889682583921,5.536377116182401,94.03175705143609,9687251272.29523,-0.005929201316483557,-0.019749546915321492,-11.058612703592903,-0.00794026704368267,-3.9331215497479093,0
FRA,2004,2.519,2.335,8.867,0.535,111.23666666666666,10.27769409595804,7.653890941287301,76.97441618831162,426596952513.167,0.016773053426974105,0.25755016707220113,3.5733484600734355,0.01333800190391643,,1
FRA,2005,1.988,1.888,8.875,0.104,109.7625,10.085653972296955,7.693188981788623,80.32432947189795,543930027694.6099,-0.013252524647148656,-0.17472624517707414,6.658904590462729,0.0435198270993189,,1
FRA,2006,2.929,1.892,8.842,0.254,108.96416666666666,10.603784884727977,7.748453552782987,84.35728351489864,549048926548.20996,-0.007273279429070412,0.6788867289704985,0.27729367153393053,0.05020837484129448,2.335348056414418,0
FRA,2007,2.486,1.605,8.017,-0.102,109.37666666666667,10.682523626169615,7.884625455181651,88.97430656435604,505432478022.96,0.0037856481870952585,0.08192162385954926,-2.250734400603895,0.05473176538030611,2.8901982886283264,0
FRA,2008,0.265,3.161,7.433,-0.697,109.77333333333333,10.32161228833307,7.981556639727559,92.6357426084034,458534546203.69,0.0036266114040166553,-0.3029592031276922,-2.3566803461965358,0.04115161090240149,2.505858357787133,0
FRA,2009,-2.732,0.102,9.125,-0.55,109.58916666666666,10.23022210283658,7.899948714372902,95.0966407247871,597161633027.8201,-0.0016776995020041374,-0.08733846587754024,7.161081107011316,0.026565319682129385,1.4273800655798397,0
FRA,2010,1.843,1.738,9.267,-0.629,105.56,10.497118771377032,7.881707564766711,95.84714523015691,656231070500.31,-0.03676610370550604,0.30590549823741964,2.9592793113089777,0.007892019104458248,-0.35840452935505596,0
FRA,2011,2.485,2.287,9.208,-0.858,104.76083333333334,10.17149475028102,7.962033510273097,96.64919195162854,637166079102.58,-0.007570733863837331,-0.2779233780213868,-0.924523963183616,0.00836797715305626,-1.4126580267814433,0
FRA,2012,0.221,2.217,9.767,-2.132,101.59750000000001,10.3205570024049,7.895326503741004,96.5785492959372,577724530297.7091,-0.030195763365761685,0.16074524581683547,-2.846426633128049,-0.0007309182235760714,-2.5262330089310296,0
FRA,2013,0.915,0.989,10.308,-0.609,102.66166666666668,10.218799991321715,7.943114974907794,95.87696268718415,548806411572.244,0.010474339099551422,-0.09675099549728872,-1.3638358201516025,-0.007264414446765399,-3.4456046928506225,0
FRA,2014,1.02,0.611,10.267,-0.913,102.75666666666666,10.263174529744852,7.959266526109632,93.91590815036459,554847595826.079,0.0009253697420328333,0.045373814235556864,0.2804982777965831,-0.020453865890786016,-4.568556870459659,0
FRA,2015,0.986,0.089,10.342,-0.325,97.68166666666667,10.501564927649518,7.800871954675279,94.94542022682276,543679664188.618,-0.04938852304797736,0.2692045909303189,-0.5073100536249723,0.010962062729669597,-3.0204563601745917,0
FRA,2016,0.728,0.307,10.067,-0.528,98.49166666666667,10.576052193447305,7.811862492294616,97.49046876198574,495843873157.17896,0.008292241805865963,0.07733162447614839,-2.143354221141167,0.026805384915701058,-0.8267612440598668,0
FRA,2017,2.286,1.166,9.408,-0.547,98.89166666666667,10.53855981910402,7.85862326752526,101.6178302341884,412023028938.211,0.004061257297571563,-0.036798237261194244,-3.657614759953142,0.04233605115059236,1.6483089419691623,0
GRC,2004,5.378,3.02,10.6,-5.673,108.5625,6.611646602216064,5.459044942529733,63.877542809832654,12787320780.832201,0.02107598012321099,-0.8064931597617272,1.4980532317926143,0.08761127314606454,,1
GRC,2005,1.183,3.486,10.0,-7.515,108.68,5.733604640272819,5.490795503551361,73.65739571979807,5552801959.1586,0.0010823258491652332,-0.5844041319520359,-3.714326251631685,0.15310314830175353,,1
GRC,2006,6.443,3.314,9.0,-11.041,109.26833333333333,6.0119287692275245,5.5950384636504875,77.5454374177186,1980398366.6439102,0.005413446202919836,0.3209142743922564,-1.6670192937385646,0.05278548962973284,0.48585825050329845,0
GRC,2007,3.507,2.989,8.4,-14.128,110.62083333333334,6.250321128379928,5.7502333969951165,85.79842374285374,2057554887.87799,0.012377785573740585,0.26920708015739203,0.03365125178992621,0.1064277486846621,1.6967438679138098,0
GRC,2008,0.058,4.23,7.75,-14.679,112.63583333333332,5.066724406807842,5.861022662748363,90.50731365552849,5474427126.448,0.018215375343703988,-0.6938244723061058,1.4312381806941346,0.05488317508941365,0.2937097834824556,0
GRC,2009,-4.119,1.347,9.6,-11.018,114.28916666666667,5.29231337863033,5.788350313080109,89.22442515661997,27352901951.482,0.014678573278190221,0.25306051623475256,9.336903089194875,-0.014174418034228697,-4.081056853677609,0
GRC,2010,-5.694,4.704,12.725,-10.066,113.57333333333334,4.684278919181678,5.692586701895467,112.81427733685314,-52724707692.456,-0.006263352461227778,-0.4555801024935262,-35.81440704895889,0.2643878303370939,8.648970658399378,0
GRC,2011,-9.877,3.118,17.85,-10.141,114.19749999999999,3.3931551628714085,5.646075675186217,119.20138253453842,-64431265209.269,0.005495714956562425,-0.7250383804450062,-5.753315222841956,0.056616107007573024,5.296494856214693,0
GRC,2012,-8.331,1.035,24.425,-2.595,110.77083333333333,3.8880949799665263,5.476430078567937,120.14793138069196,-28034071174.840702,-0.030006494596349853,0.6403995120784312,19.578998232842135,0.007940753924387423,-0.6117848392095624,0
GRC,2013,-2.272,-0.854,27.475,-2.609,109.1925,5.27019095145004,5.466201875544222,119.79020368073807,5287764203.51309,-0.01424863644912544,2.9832416451220998,18.70816142906232,-0.002977393749880042,-5.139739988459823,0
GRC,2014,0.792,-1.394,26.5,-2.51,107.37333333333333,6.585920174960394,5.455201450078439,117.8950571898086,8485067608.06587,-0.01666017965214328,2.727468151830346,1.8159084099283156,-0.015820546527998025,-8.606490811359947,0
GRC,2015,-0.228,-1.094,24.9,-1.487,101.43666666666667,7.311193334005669,5.270879363820541,113.43335731522382,9210073437.22217,-0.055289954054389634,1.0652951769803636,0.4134317578639988,-0.03784467288905535,-11.779170826678296,0
GRC,2016,-0.032,0.013,23.55,-2.374,101.50583333333333,7.558729500797129,5.262918142196171,108.62709749602726,16756748328.6331,0.0006818704610429549,0.2808656863481882,4.326026602919904,-0.0423707799271098,-13.089171168977515,0
GRC,2017,1.473,1.138,21.45,-2.568,101.91166666666668,7.729239736070506,5.299866166537887,100.64750986079443,24187614802.286503,0.003998128186393446,0.18590978998261143,4.189272248350544,-0.07345853676634106,-14.905522070601478,0
HRV,2004,4.172,2.144,17.783,-5.961,101.15166666666666,9.077708973839668,3.7333746940004877,,,0.016676298883500307,0.0693069583683974,,,,1
HRV,2005,4.326,2.995,17.583,-7.303,102.58083333333333,9.08248733328199,3.807439965235706,,,0.01412894827898703,0.004789794007369785,,,,1
HRV,2006,5.084,3.288,16.525,-7.929,104.31416666666667,9.349009129910733,3.9038496947389847,,,0.016897243637131742,0.3054160426940806,,,,1
HRV,2007,5.048,2.659,14.733,-7.94,104.57916666666667,9.523249262602437,4.082659894943262,,,0.0025404027896498427,0.19034137138091722,,,,1
HRV,2008,1.968,5.803,13.033,-10.968,108.295,9.469376639944532,4.22638108808985,,,0.03553129606757244,-0.052447204428297645,,,,1
HRV,2009,-6.814,2.225,14.517,-6.491,109.33416666666666,9.576304575234479,4.131238853404376,,,0.009595703094941177,0.11285405408481175,,,,1
HRV,2010,-1.332,1.083,17.167,-2.156,106.97166666666668,9.522621526202514,4.0780796697560655,,,-0.021608067011684162,-0.05226755638134262,,,,1
HRV,2011,-0.1,2.21,17.367,-1.723,104.05083333333333,9.548102069742068,4.1413712676498555,,,-0.027304738014739205,0.02580794748452675,,,,1
HRV,2012,-2.252,3.353,18.6,-1.763,102.53416666666668,9.570761582494322,4.0532621171208705,69.23414497558962,5887950175.83887,-0.014576208744123353,0.022918189647171072,,,,1
HRV,2013,-0.126,2.326,19.808,-1.049,103.16000000000001,9.758279514160188,4.091908263521751,67.9137838519632,7859881943.7963,0.006103656504742316,0.20625187933269995,4.376041382888975,-0.0190709529826929,,1
HRV,2014,-0.555,0.22,19.275,0.294,102.27166666666666,9.614575557257925,4.088125262408184,66.74709809368656,9563614471.70584,-0.008611218818663668,-0.13385587390196474,3.797210769166308,-0.017178924396551887,,1
HRV,2015,2.322,-0.256,17.067,2.55,100.11500000000001,9.58493927861769,3.9320608991646533,63.17977432004478,12011259133.0969,-0.021087626093900136,-0.029201430482983737,5.324902452662972,-0.05344537628639179,,1
HRV,2016,3.461,-0.63,14.958,2.094,100.4525,9.53489751603401,3.9634762870170617,58.99181747751712,13105137313.2542,0.003371123208310456,-0.04881030046821078,2.299706050870998,-0.06628635330846644,,1
HRV,2017,3.281,1.302,12.433,3.364,101.02,9.819233272609296,4.028311591617663,55.983519105069604,16065640676.7486,0.005649436300739108,0.32887903573127053,5.952914347893509,-0.05099518036707429,-0.7636877201087486,0
HUN,2004,4.963,6.75,6.122,-8.537,111.7025,9.637306011530349,4.644535119510346,38.94909665154715,1130116051904.11,0.06910248127676888,0.2740876215811787,-0.655419498133595,0.0668058578933004,0.2904961491791056,0
HUN,2005,4.3,3.562,6.8,-7.195,113.21999999999998,9.814437735702617,4.728254699499761,43.25453180072025,1305350602782.12,0.013585192811262026,0.19378833355082858,0.7763211964384072,0.11054005148543222,1.4907101651904,0
HUN,2006,3.934,3.904,7.075,-7.46,107.49583333333334,9.967213243416673,4.750170557715764,47.2791787368685,1451635997550.13,-0.05055791085202832,0.16506340183646695,0.6014542451676458,0.09304567102218031,1.9645416781868974,0
HUN,2007,0.332,7.952,7.0,-7.375,120.14916666666666,10.076305761898272,4.942520608319902,53.19802284920734,938847634162.81,0.11770998875925409,0.11526552824169634,-1.9929390656996904,0.1251892327758075,3.3207787974958833,0
HUN,2008,0.993,6.056,7.425,-7.482,123.70583333333333,10.422876406962606,5.06403703082291,59.36028567935985,-423556592999.39996,0.029602091844165956,0.41420939721532823,-5.002734814355418,0.11583631308290854,4.084682192572259,0
HUN,2009,-6.74,4.198,9.675,-1.318,116.46,10.656765115149097,4.873722954410696,59.902839903580954,43409928653.5,-0.058573093427283895,0.2635038667459846,1.7642815861269165,0.009140020436420482,0.6695009301802841,0
HUN,2010,1.068,4.872,10.775,-0.263,117.31166666666667,10.682376554540992,4.882036478193392,60.3209175671504,153982514829.4,0.007312954376323733,0.02594223027849063,0.4031438952906989,0.006979262823638699,-1.6415056374902264,0
HUN,2011,1.917,3.929,10.675,0.321,116.81416666666667,10.773210648593949,4.953803885607758,58.44700532091949,2400715914904.1,-0.004240839927827644,0.0950873086895665,7.885469738717107,-0.031065711892476422,-4.447321516737873,0
HUN,2012,-1.339,5.661,10.675,1.136,113.5025,10.692581074143282,4.8556954140435185,50.41666169591939,4074036631324.97,-0.028349871947609073,-0.07746464117338925,5.786194367252468,-0.13739529648965365,-9.809817503040911,0
HUN,2013,2.032,1.713,9.825,3.084,112.445,10.741903225687317,4.910048551018126,46.09688240030499,6968572602020.65,-0.009316975397017702,0.0505587353502317,9.539278105589418,-0.08568158125320757,-10.079071150244815,0
HUN,2014,4.334,-0.229,7.525,0.881,107.85166666666667,10.640053353463594,4.949674365735114,42.532027671318254,7974663590359.28,-0.040849600545451725,-0.09683486833571153,3.0648491713885644,-0.07733396584240915,-8.963238820242545,0
HUN,2015,3.66,-0.066,6.625,2.165,103.23833333333333,10.401227936753463,4.830263834625915,35.097671257094696,8341153942489.37,-0.04277479872046497,-0.21244763614602036,1.0475715840516528,-0.17479430963591147,-10.003924404865806,0
HUN,2016,2.439,0.397,4.975,4.372,103.93833333333333,10.142740645583405,4.859688365661439,33.31915431978987,8766122776058.851,0.006780427166911629,-0.22778115501519758,1.1703299585779676,-0.05067336018612112,-6.259738741653173,0
HUN,2017,4.124,2.354,4.05,1.785,105.92833333333333,10.219611298619212,4.965184547858872,32.390860274330876,8422633671900.149,0.01914596796177226,0.0799023852633236,-0.8732197583504413,-0.027860672469337877,-2.8278508710231236,0
IRL,2004,6.789,2.31,4.75,-0.098,114.64833333333333,7.750933752046235,5.26931585898896,104.89955932470502,48727632884.592,0.028220803874381417,-0.32157362582411053,10.21571867606243,0.22376111553903222,,1
IRL,2005,5.739,2.201,4.633,-3.54,114.39583333333333,6.243040013537688,5.356553255258953,124.6403805509429,59092511391.341095,-0.002202387009550888,-0.7786242375011468,6.08600516059893,0.18818783752115054,,1
IRL,2006,4.988,2.674,4.767,-5.353,116.30916666666667,6.202069112891788,5.4475689223838835,144.5708584940264,93653949417.1161,0.016725550901475206,-0.04014293923809098,18.6903202580073,0.15990385984851474,5.3189092796482385,0
IRL,2007,5.31,2.889,5.008,-6.511,122.17666666666666,6.381449012673852,5.59883668780131,158.0991297096176,53289843825.084,0.05044744252029432,0.19647519850602402,-20.482178568219748,0.09357536751537099,1.827164552552091,0
IRL,2008,-4.484,3.119,6.8,-6.255,127.32916666666667,6.412173984402371,5.618286312784497,166.32263914762612,22666277567.03,0.04217253703653179,0.03120185521882024,-16.351494282881003,0.052014893776535676,-3.210358983996457,0
IRL,2009,-5.096,-1.676,12.65,-4.667,121.36583333333333,6.247406695400238,5.464623864145308,169.25229220981515,30675754904.013897,-0.046833993258941775,-0.15190895876174892,4.724805861949458,0.017614277149538893,-9.113616459247709,0
IRL,2010,1.683,-1.636,14.608,-1.287,113.085,6.218008311141454,5.403429351324622,133.426753126152,39084060553.434,-0.0682303503869156,-0.02897045548503574,5.027235348576624,-0.21166944692986311,-35.73777681736985,0
IRL,2011,1.65,1.213,15.4,-1.681,113.26833333333333,3.28537619532031,5.486020251322228,114.74152254082802,53150237010.004,0.0016211993927872648,-0.9467433242376466,8.125082450021853,-0.14004110980395001,-39.26789037698538,0
IRL,2012,-0.399,1.892,15.492,-3.355,108.21916666666668,1.2053963905460623,5.4267765422016545,110.63633107940194,66978755179.0164,-0.044577036829946404,-0.8750672647821025,7.8294466679172885,-0.03577773216287361,-29.546922645545294,0
IRL,2013,2.192,0.538,13.775,2.395,109.9175,1.4233711912589393,5.494315800338691,102.40468374629855,66931398888.624596,0.015693461571040235,0.24355573050632073,-0.025890681827005553,-0.07440275045993416,-23.815377924007038,0
IRL,2014,9.336,0.301,11.892,2.062,108.84666666666668,5.289224572105398,5.586712934401426,78.3674079003117,101252248836.785,-0.009742155101174266,46.74399886680393,17.109535227974877,-0.23472828552976877,-28.404066572293416,0
IRL,2015,24.616,-0.05,9.925,6.133,100.2475,6.603748057471859,5.71182339298188,51.26579725988742,115619242226.045,-0.0790025724260428,2.7229765097158136,5.276494901624393,-0.34582757509217665,-31.060045930340863,0
IRL,2016,1.223,-0.183,8.375,-1.243,101.485,7.248467115073189,5.722437384753367,47.38684143779598,121778674089.94801,0.012344447492456112,0.9054516319155146,2.232218950424304,-0.07566362037495322,-15.47872532123229,0
IRL,2017,10.049,0.259,6.758,1.143,101.89833333333333,7.640229815566503,5.853382817384642,42.62273403445418,137913509766.612,0.004072851488725604,0.47958656457857884,5.232366128521324,-0.10053650462429686,-4.867798454766195,0
ITA,2004,1.474,2.257,8.017,-0.48,109.56916666666666,10.086271452433037,7.502179312184253,67.49386320242094,25970162781.505,0.016592313104525358,-0.07869333921162247,1.24553386852864,0.03654485569998944,,1
ITA,2005,0.762,2.207,7.758,-0.88,107.83916666666666,10.065943794069053,7.531559348156869,70.59362215224861,26663160549.552002,-0.015789113421507017,-0.020122444375598514,0.046228417283119876,0.04592653024662674,,1
ITA,2006,1.799,2.229,6.867,-1.469,107.32666666666667,10.102880477451631,7.580019418809442,75.42323235573969,28243639426.473,-0.0047524477037562685,0.037627319706163176,0.10132156869303095,0.06841425692926051,1.1297345615485597,0
ITA,2007,1.462,2.025,6.2,-1.362,107.78916666666667,10.215346202015805,7.70651619313754,81.4531164394226,6048953427.5,0.0043092738679422204,0.11903390088079302,-1.3685939170534023,0.07994730397183836,2.1566510800403194,0
ITA,2008,-1.023,3.492,6.792,-2.723,108.46416666666666,10.471809304776727,7.790382499812209,83.38226708850686,26554735631.447002,0.006262224867990662,0.2923510807331626,1.2475237372686254,0.023684184637907446,0.3126069295143594,0
ITA,2009,-5.305,0.765,7.875,-1.822,109.38583333333334,10.449325952339253,7.699427919334763,87.18616699328607,89761486039.283,0.008497430026813912,-0.02223248549631973,3.990056125498356,0.04562001055621945,0.3126758740903455,0
ITA,2010,1.529,1.62,8.508,-3.223,104.92916666666667,10.48228602774546,7.671681002435119,92.66762949314646,85266094429.95201,-0.04074263120605193,0.033509275979576314,-0.27784581323026636,0.06287078201617136,1.3146652376753707,0
ITA,2011,0.695,2.935,8.575,-2.742,104.87166666666667,10.438742378593288,7.743515984462274,93.57188187349755,-19098711998.765,-0.0005479887225510183,-0.042609236116220583,-6.297042760400654,0.00975801782453023,-0.9946143747227438,0
ITA,2012,-3.125,3.315,10.892,-0.201,102.99916666666667,10.45784175112712,7.649339704299927,93.2686875516145,-57061158512.6904,-0.01785515630214707,0.019282932312592482,-2.3248503513185543,-0.0032402289642196047,-3.1384175577798317,0
ITA,2013,-1.818,1.245,12.367,1.03,104.4975,10.477737480054982,7.674737787388866,90.36566420193866,-83696870651.03131,0.014547043260867865,0.02009496808508926,-1.6429012396550977,-0.031125380080740728,-5.914145748586677,0
ITA,2014,-0.001,0.234,12.783,1.754,104.50416666666666,10.413723699594858,7.684238967464098,88.187471051349,-32389308801.2087,6.37973795225566e-05,-0.062007926520698864,3.136406920780635,-0.024104212256129576,-6.766753339470299,0
ITA,2015,0.886,0.108,12.017,1.243,99.46166666666666,10.447003705485981,7.520567834264748,86.91585295708589,-56466572984.4401,-0.048251664606674405,0.03383998000173505,-1.4475793298516177,-0.014419487021264943,-6.202817707984551,0
ITA,2016,1.236,-0.05,11.717,2.461,100.04333333333334,10.436561909440558,7.542526245661049,84.49173470122152,-124188068463.414,0.005848149203210751,-0.010387469745564704,-3.972269075692631,-0.02789040403321197,-6.086614455039708,0
ITA,2017,1.604,1.326,11.3,2.439,100.44416666666666,10.533430867575989,7.58580252722187,80.41671706335308,-178865614396.226,0.0040065971412386325,0.10171599324330072,-3.134294372795535,-0.048229778359723086,-6.580268324271827,0
LTU,2004,6.318,1.154,10.884,-7.593,85.12666666666667,8.16407477268026,3.122805356117467,,,-0.0021295301357819874,0.041691751510280595,,,,1
LTU,2005,8.185,2.672,8.324,-7.387,83.73583333333333,8.221516580967638,3.2626247317982155,,,-0.01633839768188583,0.059123636643160005,,,,1
LTU,2006,7.301,3.757,5.778,-10.642,84.06833333333334,8.640164522339512,3.405786833995963,,,0.003970820934884545,0.5199051648593871,,,,1
LTU,2007,11.1,5.818,4.248,-15.329,86.32583333333334,8.9301581055402,3.6829871284090987,,,0.0268531551713882,0.3364189124659991,,,,1
LTU,2008,2.18,11.092,5.827,-13.234,91.38,8.745173029021897,3.871284340769195,,,0.05854755722022165,-0.1688833130857571,,,,1
LTU,2009,-14.503,4.161,13.787,2.031,97.79916666666666,8.733031725946795,3.626764660042137,,,0.0702469541110382,-0.01206789484578763,,,,1
LTU,2010,0.274,1.191,17.814,0.22,93.68666666666667,8.7199723896959,3.6025860011733357,59.41055618763744,171121827.414379,-0.04205046055266315,-0.012974433113976724,,,,1
LTU,2011,6.343,4.124,15.39,-3.703,94.3975,8.949561150663827,3.7658636431302988,49.89951052320548,1327123601.15978,0.007587347897246133,0.2580825308907073,3.7210632611181027,-0.16009016368055962,,1
LTU,2012,4.376,3.164,13.366,-1.579,93.34166666666665,8.988082678174319,3.755041656367605,46.756313117600676,2619119575.48924,-0.011184971353408124,0.03927310107975712,3.8868207645365977,-0.06299054585200947,,1
LTU,2013,4.079,1.164,11.77,1.693,93.89833333333333,8.94060037353484,3.8355954219781614,43.22127754273976,2530113824.37476,0.005963753236318148,-0.04637265223695508,-0.25522074383460225,-0.07560552445548163,,1
LTU,2014,3.769,0.242,10.699,3.596,94.60000000000001,9.024608205660119,3.8792518490976016,41.007819554827734,3815120603.68069,0.007472621097286192,0.08763741228793909,3.5292563212449197,-0.05121222957195637,,1
LTU,2015,2.845,-0.677,9.119,-2.506,92.675,7.17672643900015,3.726849385365565,41.452200938262024,4385125720.01529,-0.020348837209302473,-0.8424294156744885,1.5224205295192834,0.010836503580497592,2.9914690431829243,0
LTU,2016,2.614,0.678,7.861,-1.008,94.46416666666666,7.696649271281536,3.7600832131202684,42.76584840209975,3340119905.82269,0.019305817822138138,0.6818978564705007,-2.6918781007754222,0.03169065656596248,3.993645426052673,0
LTU,2017,4.705,3.718,7.073,1.027,95.64416666666666,8.296960025817867,3.8658743494021657,40.979737431155684,5818107114.65386,0.012491509126035583,0.8226851200621113,5.861652342164841,-0.0417648903898834,2.596138714035092,0
LUX,2004,4.231,3.244,3.692,7.074,98.29583333333333,4.968875429357632,3.556747082403121,65.99646881289047,199898101609.83902,0.009076599312197287,0.6185082358061205,91.45217425620154,-0.04427788165080471,,1
LUX,2005,2.483,3.761,4.083,6.938,98.125,5.11604634847698,3.6294744008213966,71.27244799756521,241059546744.886,-0.0017379509134839433,0.15855196478977063,135.9315418334182,0.07994335575184941,,1
LUX,2006,6.016,2.962,4.233,6.642,98.69999999999999,5.0500246468752295,3.759151507099268,74.72411521330842,258943746791.493,0.0058598726114649224,-0.06388945102714516,52.331158325431694,0.048429194067546755,4.178651437555246,0
LUX,2007,8.099,2.655,4.183,6.549,99.56083333333333,4.541235482515937,3.9434053866568144,85.3118398397658,276313591489.769,0.008721715636609284,-0.3987768793609232,46.14496960548453,0.14169086641218187,7.793801700967933,0
LUX,2008,-0.302,4.092,4.142,6.129,100.36916666666667,5.554394523896323,4.074787904672882,101.15332688370798,301722028293.208,0.008118989227691609,1.7542881965959225,63.50591568239736,0.18568919711139675,12.34121039641461,0
LUX,2009,-3.239,0.007,5.483,5.785,100.78333333333335,5.589256790565246,3.9965112018733375,100.97375099879662,253226999277.578,0.004126433250583261,0.03547707927004673,-124.18465127700644,-0.0017752840212345022,4.868050071809165,0
LUX,2010,3.76,2.795,5.817,5.778,99.75416666666666,5.600559746375813,4.029983803061711,86.11712716980506,251855398759.252,-0.010211675210848536,0.011367075568806895,-3.234699755253853,-0.14713352412914338,-8.916327752988082,0
LUX,2011,1.045,3.728,5.658,5.64,100.6175,5.204425884915389,4.122040789523428,84.17663004964459,264616613352.44797,0.008654609247734202,-0.3270833876923096,28.791102647965193,-0.022533231006814924,-8.865999639604269,0
LUX,2012,1.65,2.888,6.099,4.991,99.50999999999999,5.017603426838131,4.091239747268622,83.58294517601014,260635383856.995,-0.01100703157999372,-0.17040898950555405,-8.556955530023666,-0.0070528467733183,-7.362219638148403,0
LUX,2013,3.171,1.699,6.83,3.935,100.87666666666667,5.219487339946159,4.177520816744043,86.66145807119003,287777074385.961,0.013733963085787115,0.22370594364592078,55.28459727723412,0.036831830808272015,-3.536084926954004,0
LUX,2014,2.623,0.694,7.092,4.095,100.95916666666666,5.23901401715413,4.231537991398308,86.30596453977367,313368290608.145,0.0008178303538974863,0.01971856974216535,49.412168382071144,-0.004102094971957793,-3.015907255890369,0
LUX,2015,2.268,0.059,6.648,5.604,98.44416666666666,5.244183290959727,4.09564371795372,91.7840511552667,322778916441.85297,-0.024911061402712376,0.005182657552916581,17.381280696344113,0.06347286244589134,1.2705692065769654,0
LUX,2016,4.978,0.043,6.263,7.401,98.56083333333333,5.25501127567196,4.130354999745133,96.25308594488607,333218738927.485,0.0011851049241109468,0.010886819501009004,18.57353020145083,0.048690755456624046,3.26052402153384,0
LUX,2017,1.317,2.113,5.843,6.443,99.06833333333333,5.1559582946497455,4.184931483771308,100.47313349373093,335581832479.747,0.005149104191150888,-0.0943052778798037,4.062477139391506,0.043843244166335005,4.111202033289658,0
LVA,2004,8.725,6.187,11.742,-12.777,83.005,7.555769101101186,2.6269124496425706,,,0.00811708028015068,0.33480889807431824,,,,1
LVA,2005,11.615,6.89,10.042,-12.288,81.47,7.710613000107579,2.7931263734573295,,,-0.01849286187579058,0.1674757027629279,,,,1
LVA,2006,12.825,6.571,7.033,-21.921,84.10666666666667,8.378650405567655,3.018129570996029,,,0.03236365124176599,0.9504057063232838,,,,1
LVA,2007,10.415,10.081,6.075,-21.809,89.33,8.622113410157601,3.383135238843747,,,0.06210367786937221,0.2756591234353212,,,,1
LVA,2008,-3.389,15.253,7.75,-12.877,97.69416666666666,8.522612480506895,3.535028729295676,,,0.09363222508302549,-0.0947108917345415,,,,1
LVA,2009,-16.04,3.259,17.55,7.872,102.43166666666667,8.771058363781703,3.2487452584704783,,,0.04849317171786116,0.2820314411487974,,,,1
LVA,2010,-3.661,-1.224,19.475,1.733,95.51583333333333,8.863542205973506,3.1573833265558853,96.64417561530595,-1921539628.7656999,-0.06751655575261561,0.09689541799133905,,,,1
LVA,2011,3.036,4.222,16.208,-3.52,96.62833333333333,8.674624199365066,3.289595205080853,82.88844740302743,-625472694.4617001,0.011647283609174774,-0.17214561749944823,6.7795643010766184,-0.14233375291060968,,1
LVA,2012,7.305,2.285,15.048,-3.871,96.09500000000001,8.847093882654411,3.3008612596094924,67.20423101879682,609782143.16983,-0.005519430118840041,0.18823579666809054,5.853088308205294,-0.18922077654524572,,1
LVA,2013,2.096,0.011,11.868,-2.892,94.84916666666668,8.910526337309843,3.3726950211894433,60.33377462112853,1023981458.64507,-0.012964601002480203,0.06548751464952596,1.8864805728171548,-0.10223249776858001,,1
LVA,2014,2.095,0.69,10.847,-1.466,95.8175,7.9359709613884775,3.4106525404329107,53.219531554917275,2187245552.2136803,0.010209191786959781,-0.6226399003449599,5.104161112571267,-0.11791476848391802,,1
LVA,2015,3.783,0.213,9.875,-0.105,95.19,8.023786572059478,3.2713544165133315,49.99102309471555,1697854469.992,-0.0065489080804654876,0.09178678963344411,-2.0610919034281254,-0.06066397741344687,4.9958053141634124,0
LVA,2016,2.552,0.099,9.642,1.78,96.0225,8.040890919301582,3.299902663510574,48.366870118564755,1916151935.2128701,0.008745666561613463,0.01725146417215262,0.8910764746012091,-0.03248889251723441,6.595614666774786,0
LVA,2017,3.399,2.894,8.715,1.472,96.54916666666666,8.334512105999613,3.3803482069261945,43.68660522406624,1886527274.8856602,0.005484825605109878,0.3412757143364096,-0.11386598984795689,-0.09676592434088638,5.414463004131065,0
NLD,2004,2.013,1.383,6.773,7.632,104.84249999999999,8.883168098329147,6.493640368966302,112.3279399066544,64213987428.039,0.012856843834028409,-0.017164287552702606,-0.04319360432565209,0.036500575005398606,,1
NLD,2005,2.029,1.492,6.961,6.631,103.27916666666665,8.864774917075852,6.534535652021525,115.89088844775655,97104537117.1769,-0.014911255772547705,-0.01822505904041527,5.946346319462595,0.03171916572193001,,1
NLD,2006,3.539,1.652,6.079,8.14,101.84499999999998,9.14066806615456,6.603446410937906,112.95766064509978,114394881362.064,-0.013886311372897087,0.31770705829165613,2.9433178728333425,-0.025310253825339024,-1.2573991056960665,0
NLD,2007,3.882,1.588,5.295,5.314,102.61666666666667,9.076659299578774,6.749462699987544,112.71759463690738,80763892700.4601,0.007576873353298597,-0.06200322352514409,-5.400182836755473,-0.0021252742560476934,-1.362512249815552,0
NLD,2008,2.127,2.213,4.77,3.937,102.82333333333332,9.1451536194487,6.864635855725696,110.2186553334183,67800709352.385994,0.0020139678414810014,0.07089454211341173,-1.990358245302711,-0.0221699133266533,-2.6140511443450123,0
NLD,2009,-3.67,0.971,5.422,3.542,103.835,9.061068337183693,6.777646593635117,116.24109569911754,56952400118.0551,0.009838882225175816,-0.08064715174146775,-1.7214811225379214,0.05464084412462644,1.8208663657390503,0
NLD,2010,1.317,0.931,6.082,6.634,99.24083333333334,9.09400480573032,6.74894827528522,112.99520078628724,101372330620.477,-0.04424487568417823,0.033484878359200554,6.90799544998801,-0.027923815525896956,-1.2338224113002383,0
NLD,2011,1.777,2.471,6.05,7.26,98.64166666666667,9.122548901701983,6.8167139745499945,113.51693535361844,139432347960.776,-0.006037501364525744,0.028955382621553394,5.8017169385818566,0.00461731616653327,-0.7090277992835468,0
NLD,2012,-0.977,2.818,6.823,7.809,95.92166666666667,9.28760201607486,6.740785281692619,116.01395860426112,146068858573.83298,-0.0275745543634367,0.17945576310091238,1.0082327527462926,0.021996922687034903,0.9147367290008361,0
NLD,2013,-0.032,2.556,8.204,8.269,98.91333333333334,9.366307001967419,6.784416337826499,112.96999400511143,144717435602.49,0.031188643511198544,0.08188510361745882,-0.20304837399435174,-0.02623791684872212,-1.6366349785894414,0
NLD,2014,1.612,0.321,8.338,8.862,99.57083333333333,9.185565339739405,6.804380568086021,115.2058494578023,198507901261.886,0.006647233268180841,-0.1653490472859388,7.9263668641825324,0.019791586893327606,0.22504708222938063,0
NLD,2015,2.121,0.218,7.887,4.879,95.24000000000001,9.086577024850703,6.6539231124279725,110.13523080773768,210408415935.186,-0.04349499937230594,-0.0942467082102656,1.7020795470804906,-0.04401355203688584,-3.263572814050846,0
NLD,2016,2.425,0.113,7.005,7.316,96.1425,8.678914274719366,6.68078441283354,112.6881660707467,207765935092.3,0.009476060478790238,-0.33479681931729055,-0.36692204573694126,0.023180005564846562,-0.36722957814330925,0
NLD,2017,2.783,1.294,5.873,8.129,96.77583333333332,8.527430926509405,6.742802802574298,109.26176749092042,183365960554.721,0.00658744398505684,-0.14056780676179115,-3.2495993982346905,-0.03040601954312716,-2.3049110460140128,0
POL,2004,5.091,3.538,19.276,-5.955,95.57833333333333,10.450243867880255,5.546949311296011,26.15958580620245,143529780162.85498,-0.003838938299054906,0.08913818483273395,0.8170960695303394,0.9684802087428652,5.59102032484839,0
POL,2005,3.261,2.21,18.052,-3.305,105.96333333333332,10.608733743981077,5.727362273176657,27.041064419058625,174724706024.965,0.10865433239750977,0.1717400615869047,3.140556297296972,0.033696199144222616,4.047594230724659,0
POL,2006,6.202,1.197,14.169,-4.652,107.72583333333334,10.738720061275421,5.846143933908483,31.099103295679516,160965524070.382,0.016633112082796053,0.1388128011776648,-1.2818616005201358,0.1500694948147372,4.790685215560455,0
POL,2007,6.76,2.472,9.944,-6.689,111.72666666666667,11.046440438176116,6.063122198247078,37.05716183381956,115743202690.27701,0.03713903350326064,0.36032055870041435,-3.8020162077722084,0.19158296885581838,6.112413792340643,0
POL,2008,4.384,4.342,7.466,-6.752,122.34833333333334,10.984122546973575,6.28341001834572,47.10555253758663,58730502234.353,0.0950683214988961,-0.060415846225225334,-4.418154138766091,0.27115920935414395,9.08894567465292,0
POL,2009,2.615,3.785,8.514,-3.975,103.21833333333332,11.203591369054926,6.088940561616325,46.91511757402351,70789026812.237,-0.15635684997752342,0.2454150179022927,0.8765730507227163,-0.00404272858090704,3.748040007048992,0
POL,2010,3.169,2.59,9.635,-5.152,108.60833333333333,11.365786406125864,6.1698429231063505,48.87212568931433,96200940979.519,0.052219405467375024,0.17608960002429597,1.7626965052045918,0.0417138060498945,1.413859694795491,0
POL,2011,5.255,4.226,9.632,-5.123,106.6075,11.404093839530692,6.2688083634733305,51.48378928791798,142628917221.016,-0.018422466047725017,0.039050622651150446,2.968664058384587,0.05343871505009412,0.22953347636273236,0
POL,2012,1.512,3.727,10.088,-4.09,103.44833333333332,11.516089473910638,6.2108992290613685,50.32510562542457,171825411402.672,-0.029633624901312605,0.11850797765352916,1.7997619456071292,-0.02250579606744918,-2.950002490157466,0
POL,2013,0.684,1.117,10.328,-1.973,104.34083333333332,11.5062723945972,6.2503226722461855,51.66427723584781,144574255500.45502,0.008627495206947167,-0.00976904909098042,-1.6639204027809178,0.0266104083395442,-3.1489507108260995,0
POL,2014,3.92,0.105,8.988,-2.97,104.84083333333332,11.451732595931919,6.295756655956779,52.62354982388197,177223790942.247,0.00479198779640444,-0.05307917807695439,1.9091230154510765,0.018567424908608965,-3.2664778238380237,0
POL,2015,4.432,-0.924,7.499,-1.324,99.55,11.401113499837441,6.17322136113142,53.31488690093305,192973415552.987,-0.050465388008806955,-0.04935929566496533,0.8703546606110638,0.01313740861961632,-3.2513694709355505,0
POL,2016,3.031,-0.677,6.161,-1.072,95.54666666666667,11.60371139495507,6.158848000600202,54.34569872880448,226305371595.85602,-0.04021429767286122,0.2245799596534508,1.7863167507807787,0.019334408976367845,-2.7653569805577547,0
POL,2017,5.152,1.969,4.888,-1.194,99.05083333333333,11.590058343471101,6.270037128851419,52.27429793934003,217696335580.57498,0.036674923248674274,-0.013560271300736226,-0.43113385452190545,-0.03811526648688679,-4.214006289932492,0
PRT,2004,1.789,2.51,7.392,-7.957,104.86916666666667,8.440560690704793,5.243311927511307,121.1907741184097,-33121201995.8103,0.008357371794871948,-0.11768170735048356,-3.076490846412443,0.004299074952652804,,1
PRT,2005,0.782,2.13,8.343,-9.585,104.0625,8.062564109780627,5.285044672754133,124.77302184641393,-38355832226.327995,-0.0076921243136289785,-0.31476715647507825,-3.301508014973807,0.02955874945153969,,1
PRT,2006,1.625,3.046,8.408,-10.26,104.59666666666668,7.5149862826018765,5.341218797540891,133.41295217926998,-50357562594.712,0.005133133133133239,-0.42165102364275076,-7.218631368340483,0.06924517980730771,3.175126869433541,0
PRT,2007,2.507,2.422,8.722,-9.62,105.31083333333333,6.95115886632224,5.482819876666707,142.23567504256428,-53170261975.884,0.006827814780585584,-0.43097301250017506,-1.6028293075833449,0.06613093196108144,4.594321713883147,0
PRT,2008,0.319,2.652,8.315,-11.838,105.25833333333333,6.929496809703372,5.573628230184819,151.48117660998238,-49329489946.894,-0.0004985242100765674,-0.021429119269584795,2.144451363371072,0.06500128441511865,5.374613450886841,0
PRT,2009,-3.122,-0.903,10.177,-10.356,104.59666666666668,6.698735306218512,5.498814410570013,159.86130193717253,-34692422641.086,-0.00628612144723284,-0.2060712072922004,8.34418231046843,0.055321232081306126,5.014556031840158,0
PRT,2010,1.738,1.391,11.506,-10.257,102.3675,7.607250666967056,5.4749519497853765,155.38888834927272,-42091755647.118,-0.021312023965072258,1.480636947198401,-4.11393226183129,-0.027976837006228772,-3.3380043894455866,0
PRT,2011,-1.714,3.554,13.585,-6.103,103.255,5.830791647941356,5.502820255223584,156.06234101984856,-32307092555.631,0.008669743815175712,-0.830763649772787,5.549440803543931,0.004333982163911898,-5.110336664056462,0
PRT,2012,-4.051,2.776,16.636,-1.489,102.41916666666667,6.326391501109051,5.378393919802651,152.7286751563068,-30670803517.8139,-0.008094846093005925,0.6414825923265375,0.970868146237646,-0.021361116600947194,-8.388770889021089,0
PRT,2013,-0.984,0.44,17.216,1.534,102.15083333333332,7.037276265668125,5.423543742796894,142.93368821465563,-27287942179.5814,-0.002619952320122465,1.035791658373355,1.9820409988495185,-0.06413325416217153,-13.944193465169377,0
PRT,2014,0.741,-0.16,14.546,0.343,101.44833333333334,8.122776587779486,5.438679128995163,129.6511737145208,-13197186380.5936,-0.006877085355805446,1.9609208623865948,8.136166859655626,-0.09292780915432164,-18.63210597312954,0
PRT,2015,1.59,0.508,12.862,0.505,99.49416666666667,8.513134257276883,5.2936012631943274,120.04851323138222,-18583334420.8938,-0.019262678867732363,0.47750915934532934,-3.0024341960855274,-0.07406535712729223,-17.816680526887822,0
PRT,2016,2.004,0.636,11.268,1.421,100.60916666666667,9.164619620929948,5.329084176718188,111.32856859589077,-26571842978.2973,0.01120668715921358,0.9183882179177478,-4.286123218339196,-0.07263683989725533,-15.321254880431653,0
PRT,2017,3.315,1.556,9.242,1.484,100.82333333333334,9.074066052862582,5.397189377312659,102.85529060902812,-26474142447.2855,0.0021286993398548226,-0.08657459784310051,0.049972360888444034,-0.0761105446133924,-12.349687555247527,0
ROU,2004,10.428,11.855,7.983,-7.58,84.53916666666667,9.589858414329848,4.318274470942934,15.78192827364447,27557049505.3708,0.024468815640652952,0.8179534062216252,3.9815713628089706,0.11673003515725289,2.625028686160702,0
ROU,2005,4.668,8.995,7.125,-8.751,99.39583333333333,9.897042829852106,4.590533591735076,20.058254860614113,33623851885.6613,0.17573708438889257,0.35959167476292797,2.1148860759447317,0.2709635041309262,3.7088880681121665,0
ROU,2006,8.029,6.591,7.175,-10.503,106.25916666666666,10.24230945510042,4.8049550346583505,26.005425621115023,38795979749.9136,0.06905051351917835,0.4123664420235593,1.508953387636894,0.2964949245000683,5.175729826237433,0
ROU,2007,7.234,4.834,6.342,-13.56,114.86833333333334,10.523893004130016,5.163819793035332,33.99995466900764,25080904174.3438,0.08102046097983728,0.3252267131021924,-3.2218375191705433,0.3074177352206644,7.023548830772498,0
ROU,2008,9.307,7.846,5.6,-11.455,108.53916666666667,10.511809392260098,5.373271766095288,35.91491713894375,8604436911.66968,-0.05509931660887102,-0.0120108982079139,-3.0521505904758635,0.05632250067914568,3.8211479586351587,0
ROU,2009,-5.517,5.584,8.425,-4.644,100.59666666666668,10.580106135311281,5.162337263993292,37.0085626096682,-15137097765.3971,-0.0731763495512372,0.07068297907723342,-4.471775891691846,0.03045100915849197,0.9679520901430507,0
ROU,2010,-3.906,6.113,9.025,-5.13,101.79333333333334,10.652616045535025,5.137731860898873,38.28600737111375,-34399217422.228004,0.011895689055303249,0.07520346154422919,-3.564105608191527,0.034517545977638786,-0.8095126652068245,0
ROU,2011,4.496,5.795,9.092,-4.718,104.28833333333334,10.65369961478425,5.261891942930184,37.43260739499519,-43647284881.002106,0.024510446001702935,0.0010841565224810612,-1.5748494995656086,-0.022290127247962643,-3.238451901576468,0
ROU,2012,1.904,3.339,8.692,-4.641,98.06583333333333,10.62161390950116,5.188658738335071,35.96056979479075,-24760305890.6664,-0.05966630975021181,-0.03157642049466125,3.04033033834127,-0.03932500839899422,-4.924517924299195,0
ROU,2013,0.279,4.002,8.992,-1.121,102.70083333333334,10.709354474105554,5.2461763445198715,34.16965053037044,29332502288.1955,0.04726416777844822,0.09170485840365528,8.563948137507149,-0.049802304986828694,-5.809958878421412,0
ROU,2014,4.116,1.076,8.592,-0.322,103.46,10.575036700496756,5.298262365035481,31.08576027044199,81681244123.3858,0.007392020512654085,-0.1256878128843103,7.826035361552136,-0.09025232076012735,-6.735078541056286,0
ROU,2015,3.157,-0.596,8.392,-0.65,99.5,10.467517811419052,5.181097922044319,29.903814568016834,102176738405.835,-0.03827566209162958,-0.10194044122619894,2.876364402715717,-0.03802209410811852,-5.573267045205881,0
ROU,2016,2.86,-1.555,7.2,-2.085,97.7725,10.457510647272636,5.22217578955943,28.558624305056142,129188896428.959,-0.017361809045226217,-0.0099572590873932,3.5914257303864447,-0.044983901966788586,-4.490686259084583,0
ROU,2017,8.195,1.344,6.092,-3.185,96.40583333333335,10.563586938257457,5.349628160782464,26.66846046302778,140639255380.61697,-0.013978027223060074,0.11190670172809303,1.3445375736164642,-0.06618539541114099,-3.78887611869143,0
SVK,2004,5.39,7.451,18.358,-5.872,73.79166666666667,9.57610091656102,3.761734856415185,,,0.09903066860284726,0.23459338174842426,,,,1
SVK,2005,6.485,2.779,16.358,-7.317,75.36749999999999,9.609076222666378,3.890022765148479,,,0.02135516657255776,0.033525017168304805,,,,1
SVK,2006,8.926,4.266,13.442,-7.027,79.44166666666666,9.445032975507258,4.051437061210824,33.76175219249443,8420074629.725401,0.05405734125009687,-0.15129468300736937,,,,1
SVK,2007,10.819,1.9,11.217,-4.798,87.82666666666667,9.799559343969927,4.347176357238135,37.366289646942924,8621892894.251099,0.10554914507500279,0.4255053300857241,0.3194302900639338,0.10676393316013444,,1
SVK,2008,5.363,3.95,9.592,-6.361,95.61833333333334,9.787228979296218,4.575967920179878,40.69768875066742,5669256653.176399,0.08871641111279804,-0.012254657213549347,-4.3068563828855675,0.08915520206050331,,1
SVK,2009,-5.505,0.937,12.1,-3.445,102.53833333333334,3.920407774795545,4.4913966017282245,44.91945463050343,2175185341.6115,0.07237105854874426,-0.9971681390516094,-5.454786699423391,0.10373478223052102,,1
SVK,2010,6.791,0.698,14.425,-4.632,98.05416666666667,3.953391429828398,4.512912343060295,44.34350877377798,3783090699.0102,-0.043731612567657674,0.033533646029756614,2.339563579649121,-0.012821746422859381,,1
SVK,2011,2.562,4.073,13.6,-4.882,98.8825,4.2649940564163895,4.602045308640567,46.00616340748724,4356832269.0801,0.00844771172396186,0.36561192732525205,0.800984658199433,0.03749488210758045,-1.3084571796749742,0
SVK,2012,1.569,3.732,13.9,0.928,98.39166666666667,2.8421265035697276,4.551600618645334,46.158856071376356,9576717990.591768,-0.004963803841259384,-0.7589781179792502,7.079960863929394,0.003318961038691226,-1.8696378237497626,0
SVK,2013,0.703,1.458,14.158,2.935,99.44666666666666,3.9951969288020432,4.596492644794403,47.685056715079234,12066781555.671799,0.010722452782247816,2.1679048070856908,3.335978645619515,0.033064091565503384,-1.310607578944058,0
SVK,2014,2.708,-0.094,13.1,1.739,99.50166666666667,6.480187358479206,4.6224107103704934,49.500772573446724,10864177944.447199,0.0005530602668097906,11.00100540078555,-1.5707516770324297,0.03807725068288148,-0.7349784331683864,0
SVK,2015,5.177,-0.331,11.475,-2.063,95.96583333333332,7.083037240867915,4.4907465013881245,52.33328274213942,6750979165.10734,-0.03553541816719996,0.8273190311733243,-5.117426929480424,0.05722153456271739,0.27975352728078207,0
SVK,2016,1.948,-0.472,9.667,-1.454,96.06416666666667,7.1427641580550985,4.503381063086057,56.67163508353361,5292067939.7952,0.0010246702385399153,0.061546616823691114,-1.787408857352136,0.08289853252222779,1.8279794817879278,0
SVK,2017,2.875,1.393,8.075,-1.735,95.73333333333333,7.41172174844204,4.56376468792942,59.87799958969106,6266136035.81017,-0.0034438786574945146,0.3085996426651487,1.146497003267488,0.056577942412130655,1.9612992055317235,0
SVN,2004,4.546,3.593,6.325,-2.712,101.44666666666667,9.066731574764436,3.5319332036512097,44.9510356724133,3935884022.81031,-0.0031607736525768315,0.03825684443643351,,,,1
SVN,2005,3.854,2.452,6.55,-1.813,100.54666666666667,8.988835983632518,3.583574492468513,52.664495379048645,2057860523.87334,-0.008871656699743768,-0.07493899392587766,-6.4970616867772195,0.1715969296647184,,1
SVN,2006,5.909,2.458,6.0,-1.846,100.30166666666666,8.85181806132442,3.671046385962144,60.34762085533405,-426272514.119299,-0.0024366794854794316,-0.12804540144689258,-7.937937339644484,0.14588814382415904,,1
SVN,2007,7.139,3.657,4.875,-4.154,101.3725,6.848051250164905,3.868823186121927,71.3390529196501,-4088779142.9315996,0.010676127016832515,-0.8651735402958436,-10.483201673085333,0.18213530058897986,,1
SVN,2008,3.372,5.647,4.425,-5.345,103.18583333333333,6.69692603193483,4.016437073345575,76.77499481082826,-6512791166.4704,0.017887822963163824,-0.14025996320699952,-6.422575791817796,0.07619868317148426,,1
SVN,2009,-7.59,0.839,5.9,-1.032,104.695,6.37935412310142,3.9104417559118154,84.05793088981633,-3354446513.4639997,0.014625715739402079,-0.27208566457839534,8.81471920077139,0.0948607824322627,-0.8646273844907313,0
SVN,2010,1.112,1.801,7.25,-0.697,102.41833333333334,6.229127441994012,3.8676948715786033,85.79526355852848,-2615506256.8833,-0.021745705780282343,-0.13948710770041484,2.0497206927980858,0.020668277821273673,-3.6921182269191775,0
SVN,2011,0.655,1.803,8.225,-0.772,101.40249999999999,5.794711647606511,3.935544200469492,82.46151475442764,-1155963630.1178,-0.009918471627801129,-0.3523570867946888,3.9680663769890625,-0.03885702620199527,-7.92123140319805,0
SVN,2012,-2.916,2.597,8.9,1.41,100.25999999999999,5.602589079294568,3.832893214252841,79.97747955964752,-1571420095.17448,-0.011266980597125276,-0.1747942817789876,-1.1561789506646958,-0.030123569791042915,-9.455980409397085,0
SVN,2013,-0.824,1.769,10.1,3.527,101.27416666666666,5.675045974897946,3.86844722271127,66.0950404435005,3656328602.78305,0.010115366713212337,0.07514646155183002,14.504897116845337,-0.17357935249501644,-16.74596064811027,0
SVN,2014,2.763,0.199,9.75,5.327,101.30083333333334,6.034644718941191,3.9025179754138413,55.032399911620146,9685873044.60597,0.0002633116375516664,0.43275439796688686,16.177604457261186,-0.1673747448772187,-18.416413585648982,0
SVN,2015,2.393,-0.526,9.0,4.116,98.12666666666667,5.85317093566964,3.754526735349791,50.34383247980829,8854556329.22726,-0.03133406273393613,-0.16595988918004145,-2.1596068721104595,-0.08519649223623738,-14.158704614771274,0
SVN,2016,3.035,-0.055,8.025,5.284,98.54916666666666,5.4996143311354615,3.7905105240262547,47.142321069158385,9275616318.43001,0.0043056593518582265,-0.29781375546216127,1.052303896562891,-0.06359292197180177,-9.469485984880471,0
SVN,2017,5.174,1.429,6.575,6.793,98.7275,5.864987834181903,3.8740303379180507,45.47052821319681,10280569890.9823,0.0018095874309778104,0.4410521450113247,2.357635901589866,-0.03546267595753372,-4.78694301090043,0
SWE,2004,4.18,1.019,7.517,5.934,126.97583333333334,9.9349862195955,5.952068618605388,91.63502579276755,-164840323950.6,0.0029356590422906503,0.14571190674437973,-0.8060547728669224,0.01916882243553597,-4.423105389300119,0
SWE,2005,2.793,0.835,7.908,5.951,121.24916666666667,9.970304725573445,5.970473263639881,99.2700350890139,-57013762701.909904,-0.04510044562285476,0.035949612403100684,3.6836994516701904,0.08331977025371184,-3.5105626153100644,0
SWE,2006,4.676,1.5,7.167,8.08,120.15666666666665,10.088887698939681,6.046255716790673,102.7244595748066,-15622912421.79,-0.00901037120530046,0.12590028996352065,1.3276940996651452,0.03479825994516039,-5.320666320632043,0
SWE,2007,3.225,1.679,6.242,8.07,121.66000000000001,10.180437238408865,6.194511507923063,111.25228893145962,161685517379.5,0.012511443393347754,0.0958710642186591,5.353297187502623,0.08301654145420767,-2.8582050227298765,0
SWE,2008,-0.923,3.347,6.275,7.754,118.795,10.131698244183356,6.243422934669264,118.41722847524068,17585679736.049797,-0.02354923557455213,-0.0475703130922599,-4.24838540957902,0.06440262589289492,-1.9396781131717376,0
SWE,2009,-4.256,1.938,8.417,5.926,107.22500000000001,10.559529780142832,6.073765472318667,124.56332248840675,442516670733.48004,-0.09739467149290792,0.5339276475504438,12.783204984076466,0.05190202551017431,-1.851841004469577,0
SWE,2010,5.751,1.9,8.7,5.876,113.53583333333334,10.543207584713212,6.200008034294357,123.28009969832586,607040993087.37,0.05885598818683446,-0.016189710193809548,4.632512285011123,-0.010301770733518567,-6.388175653915781,0
SWE,2011,3.164,1.36,7.875,5.466,120.06916666666666,10.568929462003851,6.34658503350336,124.76745814975476,772899541609.86,0.057544240805031954,0.026055539439331143,4.4768351182390385,0.012064870608221145,-7.005192129184138,0
SWE,2012,-0.414,0.937,8.067,5.496,119.40249999999999,10.603957853475855,6.309449077259866,128.74148038861642,924810827727.064,-0.0055523552396882225,0.03564911198498977,4.078708284403764,0.03185143223877951,-5.252194976464523,0
SWE,2013,1.138,0.442,8.108,4.334,120.73916666666666,10.921883507347436,6.370120136894412,131.02300776667187,1158590260658.09,0.011194628811513008,0.3742740854717823,6.144044875211463,0.017721773675185792,-4.793455241009013,0
SWE,2014,2.296,0.209,8.042,3.287,114.575,10.883804174174841,6.3591066315064095,130.31789257722522,1213446219945.6702,-0.05105357968623814,-0.03736343115124152,1.383970276193304,-0.005381613515561545,-6.023056861277155,0
SWE,2015,4.41,0.703,7.517,2.599,106.5025,10.81637249127545,6.217998345036178,127.51740985918956,1344142899739.4702,-0.07045603316604854,-0.06520841931489885,3.0890724840508113,-0.02148962558135392,-7.663256249665508,0
SWE,2016,2.35,1.14,7.058,1.876,107.255,10.850734168530728,6.242647300053405,129.17236633300712,1359626194382.73,0.007065561841271384,0.03495886012442306,0.3524697486469286,0.012978278618151373,-5.254609654095276,0
SWE,2017,1.825,1.867,6.783,2.064,106.2325,10.886745104841209,6.284290865209977,132.71590609545467,1190631929172.32,-0.009533355088340856,0.036667183743116505,-3.693771678922316,0.02743264572015569,-2.0926470212629056,0
